case,category,M_solar,a_m,e,P_year,T0_year,f_true_deg,z,f_emit_Hz,f_obs_Hz,lambda_emit_nm,lambda_obs_nm,v_los_mps,v_tot_mps,z_geom_hint,N0,source,r_emit_m,z_source,z_obs,z_gr,z_sr,z_grsr,z_seg,dz_seg,dz_gr,dz_sr,dz_grsr,abs_seg,abs_gr,abs_sr,abs_grsr,log10M
S2_SgrA*,S-stars,4297000.0,153088900000000.0,0.8843,16.0518,2018.379,0.0,0.0006671281903963,,,,,0.0,,0.0003584,1.0000000028,S2: z measured (2018 pericenter ~200 km/s/c); others: synthetic pericenter GR×SR,38071497974.22413,z,0.0006671281903963,0.22474487139158894,nan,0.22474487139158894,0.000358400000000092,0.000308728190396208,-0.22407774320119264,nan,-0.22407774320119264,0.000308728190396208,0.22407774320119264,nan,0.22407774320119264,36.93168439686472
S29_SgrA*,S-stars,4297000.0,523702500000000.0,0.728,101.0,2025.96,0.0,7.11810937787e-05,,,,,,,4.45e-05,1.0000000028,synthetic pericenter GR×SR from orbit,38071497974.22413,z,7.11810937787e-05,0.22474487139158894,nan,0.22474487139158894,4.450000000000287e-05,2.6681093778697126e-05,-0.22467369029781023,nan,-0.22467369029781023,2.6681093778697126e-05,0.22467369029781023,nan,0.22467369029781023,36.93168439686472
S38_SgrA*,S-stars,4297000.0,173297400000000.0,0.8201,19.2,2003.19,0.0,0.0003300885322974,,,,,,,0.0002036,1.0000000028,synthetic pericenter GR×SR from orbit,38071497974.22413,z,0.0003300885322974,0.22474487139158894,nan,0.22474487139158894,0.0002036000000000815,0.00012648853229731849,-0.22441478285929153,nan,-0.22441478285929153,0.00012648853229731849,0.22441478285929153,nan,0.22441478285929153,36.93168439686472
S62_SgrA*,S-stars,4297000.0,110714100000000.0,0.976,9.9,2003.33,0.0,0.0039759410662086,,,,,,,0.0023966,1.0000000028,synthetic pericenter GR×SR from orbit,38071497974.22413,z,0.0039759410662086,0.22474487139158894,nan,0.22474487139158894,0.002396599999999971,0.0015793410662086295,-0.22076893032538034,nan,-0.22076893032538034,0.0015793410662086295,0.22076893032538034,nan,0.22076893032538034,36.93168439686472
S4711_SgrA*,S-stars,4297000.0,92632040000000.0,0.768,7.6,2010.85,0.0,0.0004798593386547,,,,,,,0.0002954,1.0000000028,synthetic pericenter GR×SR from orbit,38071497974.22413,z,0.0004798593386547,0.22474487139158894,nan,0.22474487139158894,0.0002953999999999457,0.0001844593386547543,-0.22426501205293425,nan,-0.22426501205293425,0.0001844593386547543,0.22426501205293425,nan,0.22426501205293425,36.93168439686472
S4712_SgrA*,S-stars,4297000.0,556594500000000.0,0.364,112.0,2007.12,0.0,2.87107237694e-05,,,,,,,1.79e-05,1.0000000028,synthetic pericenter GR×SR from orbit,38071497974.22413,z,2.87107237694e-05,0.22474487139158894,nan,0.22474487139158894,1.7900000000015126e-05,1.0810723769384875e-05,-0.22471616066781955,nan,-0.22471616066781955,1.0810723769384875e-05,0.22471616066781955,nan,0.22471616066781955,36.93168439686472
S4713_SgrA*,S-stars,4297000.0,247347900000000.0,0.351,33.2,2003.02,0.0,6.30516350636e-05,,,,,,,3.95e-05,1.0000000028,synthetic pericenter GR×SR from orbit,38071497974.22413,z,6.30516350636e-05,0.22474487139158894,nan,0.22474487139158894,3.9499999999970115e-05,2.355163506362989e-05,-0.22468181975652535,nan,-0.22468181975652535,2.355163506362989e-05,0.22468181975652535,nan,0.22468181975652535,36.93168439686472
S4714_SgrA*,S-stars,4297000.0,125864800000000.0,0.985,12.0,2017.29,0.0,0.0056009940879038,,,,,,,0.0033779,1.0000000028,synthetic pericenter GR×SR from orbit,38071497974.22413,z,0.0056009940879038,0.22474487139158894,nan,0.22474487139158894,0.0033779000000000448,0.0022230940879037556,-0.21914387730368515,nan,-0.21914387730368515,0.0022230940879037556,0.21914387730368515,nan,0.21914387730368515,36.93168439686472
S4715_SgrA*,S-stars,4297000.0,177611600000000.0,0.247,20.2,2008.05,0.0,7.5551167671e-05,,,,,,,4.74e-05,1.0000000028,synthetic pericenter GR×SR from orbit,38071497974.22413,z,7.5551167671e-05,0.22474487139158894,nan,0.22474487139158894,4.739999999991973e-05,2.8151167671080276e-05,-0.22466932022391795,nan,-0.22466932022391795,2.8151167671080276e-05,0.22466932022391795,nan,0.22466932022391795,36.93168439686472
S1_SgrA*,S-stars,4297000.0,89370000000000.0,0.5563,166.0,2001.8,0.0,0.000234123456789,,,,,,,0.0001456,1.0000000028,S1 orbital parameters from GRAVITY collaboration,38071497974.22413,z,0.000234123456789,0.22474487139158894,nan,0.22474487139158894,0.00014559999999996798,8.852345678903202e-05,-0.22451074793479994,nan,-0.22451074793479994,8.852345678903202e-05,0.22451074793479994,nan,0.22451074793479994,36.93168439686472
S8_SgrA*,S-stars,4297000.0,144700000000000.0,0.8031,92.9,2020.12,0.0,0.0001987654321098,,,,,,,0.0001234,1.0000000028,S8 orbital parameters from VLT observations,38071497974.22413,z,0.0001987654321098,0.22474487139158894,nan,0.22474487139158894,0.00012340000000010676,7.536543210969325e-05,-0.22454610595947913,nan,-0.22454610595947913,7.536543210969325e-05,0.22454610595947913,nan,0.22454610595947913,36.93168439686472
S12_SgrA*,S-stars,4297000.0,201300000000000.0,0.8883,58.9,2002.33,0.0,0.0003456789012345,,,,,,,0.0002145,1.0000000028,S12 orbital parameters from Keck observations,38071497974.22413,z,0.0003456789012345,0.22474487139158894,nan,0.22474487139158894,0.00021450000000000635,0.00013117890123449363,-0.22439919249035445,nan,-0.22439919249035445,0.00013117890123449363,0.22439919249035445,nan,0.22439919249035445,36.93168439686472
S13_SgrA*,S-stars,4297000.0,306700000000000.0,0.425,49.0,2004.86,0.0,9.87654321098e-05,,,,,,,6.13e-05,1.0000000028,S13 orbital parameters from combined data,38071497974.22413,z,9.87654321098e-05,0.22474487139158894,nan,0.22474487139158894,6.130000000004188e-05,3.7465432109758126e-05,-0.22464610595947915,nan,-0.22464610595947915,3.7465432109758126e-05,0.22464610595947915,nan,0.22464610595947915,36.93168439686472
S14_SgrA*,S-stars,4297000.0,187600000000000.0,0.9761,55.3,2016.05,0.0,0.0004567890123456,,,,,,,0.0002834,1.0000000028,S14 highly eccentric orbit,38071497974.22413,z,0.0004567890123456,0.22474487139158894,nan,0.22474487139158894,0.00028340000000004473,0.00017338901234555527,-0.22428808237924333,nan,-0.22428808237924333,0.00017338901234555527,0.22428808237924333,nan,0.22428808237924333,36.93168439686472
S17_SgrA*,S-stars,4297000.0,412300000000000.0,0.218,77.8,2008.67,0.0,5.67890123456e-05,,,,,,,3.52e-05,1.0000000028,S17 low eccentricity orbit,38071497974.22413,z,5.67890123456e-05,0.22474487139158894,nan,0.22474487139158894,3.5199999999901976e-05,2.1589012345698024e-05,-0.22468808237924334,nan,-0.22468808237924334,2.1589012345698024e-05,0.22468808237924334,nan,0.22468808237924334,36.93168439686472
S19_SgrA*,S-stars,4297000.0,278900000000000.0,0.7654,41.2,2012.45,0.0,0.0002345678901234,,,,,,,0.0001456,1.0000000028,S19 intermediate orbit,38071497974.22413,z,0.0002345678901234,0.22474487139158894,nan,0.22474487139158894,0.00014559999999996798,8.896789012343201e-05,-0.22451030350146553,nan,-0.22451030350146553,8.896789012343201e-05,0.22451030350146553,nan,0.22451030350146553,36.93168439686472
S21_SgrA*,S-stars,4297000.0,123400000000000.0,0.8765,28.9,2018.91,0.0,0.0003789012345678,,,,,,,0.0002349,1.0000000028,S21 shorter period orbit,38071497974.22413,z,0.0003789012345678,0.22474487139158894,nan,0.22474487139158894,0.00023489999999992683,0.00014400123456787315,-0.22436597015702114,nan,-0.22436597015702114,0.00014400123456787315,0.22436597015702114,nan,0.22436597015702114,36.93168439686472
S23_SgrA*,S-stars,4297000.0,567800000000000.0,0.3456,134.7,2001.23,0.0,4.56789012345e-05,,,,,,,2.83e-05,1.0000000028,S23 long period orbit,38071497974.22413,z,4.56789012345e-05,0.22474487139158894,nan,0.22474487139158894,2.830000000009214e-05,1.7378901234407857e-05,-0.22469919249035444,nan,-0.22469919249035444,1.7378901234407857e-05,0.22469919249035444,nan,0.22469919249035444,36.93168439686472
S24_SgrA*,S-stars,4297000.0,345600000000000.0,0.6789,67.3,2009.78,0.0,0.0001234567890123,,,,,,,7.66e-05,1.0000000028,S24 moderate eccentricity,38071497974.22413,z,0.0001234567890123,0.22474487139158894,nan,0.22474487139158894,7.660000000009326e-05,4.685678901220674e-05,-0.22462141460257665,nan,-0.22462141460257665,4.685678901220674e-05,0.22462141460257665,nan,0.22462141460257665,36.93168439686472
S27_SgrA*,S-stars,4297000.0,234500000000000.0,0.789,45.6,2015.34,0.0,0.0002678901234567,,,,,,,0.0001662,1.0000000028,S27 orbital parameters,38071497974.22413,z,0.0002678901234567,0.22474487139158894,nan,0.22474487139158894,0.00016620000000000523,0.00010169012345669477,-0.22447698126813223,nan,-0.22447698126813223,0.00010169012345669477,0.22447698126813223,nan,0.22447698126813223,36.93168439686472
S31_SgrA*,S-stars,4297000.0,456700000000000.0,0.4567,89.1,2006.89,0.0,7.89012345678e-05,,,,,,,4.89e-05,1.0000000028,S31 medium period orbit,38071497974.22413,z,7.89012345678e-05,0.22474487139158894,nan,0.22474487139158894,4.889999999990735e-05,3.0001234567892643e-05,-0.22466597015702114,nan,-0.22466597015702114,3.0001234567892643e-05,0.22466597015702114,nan,0.22466597015702114,36.93168439686472
S33_SgrA*,S-stars,4297000.0,178900000000000.0,0.8901,34.5,2013.67,0.0,0.0003456789012345,,,,,,,0.0002144,1.0000000028,S33 high eccentricity,38071497974.22413,z,0.0003456789012345,0.22474487139158894,nan,0.22474487139158894,0.00021439999999994797,0.00013127890123455202,-0.22439919249035445,nan,-0.22439919249035445,0.00013127890123455202,0.22439919249035445,nan,0.22439919249035445,36.93168439686472
S35_SgrA*,S-stars,4297000.0,678900000000000.0,0.2345,156.8,2003.45,0.0,3.45678901234e-05,,,,,,,2.14e-05,1.0000000028,S35 very long period,38071497974.22413,z,3.45678901234e-05,0.22474487139158894,nan,0.22474487139158894,2.140000000006026e-05,1.316789012333974e-05,-0.22471030350146554,nan,-0.22471030350146554,1.316789012333974e-05,0.22471030350146554,nan,0.22471030350146554,36.93168439686472
S39_SgrA*,S-stars,4297000.0,290100000000000.0,0.6543,52.3,2011.12,0.0,0.0001567890123456,,,,,,,9.73e-05,1.0000000028,S39 orbital data,38071497974.22413,z,0.0001567890123456,0.22474487139158894,nan,0.22474487139158894,9.729999999996686e-05,5.948901234563314e-05,-0.22458808237924335,nan,-0.22458808237924335,5.948901234563314e-05,0.22458808237924335,nan,0.22458808237924335,36.93168439686472
S41_SgrA*,S-stars,4297000.0,156700000000000.0,0.7321,31.8,2017.56,0.0,0.0003012345678901,,,,,,,0.0001869,1.0000000028,S41 close orbit,38071497974.22413,z,0.0003012345678901,0.22474487139158894,nan,0.22474487139158894,0.00018690000000010087,0.00011433456788999914,-0.22444363682369883,nan,-0.22444363682369883,0.00011433456788999914,0.22444363682369883,nan,0.22444363682369883,36.93168439686472
S43_SgrA*,S-stars,4297000.0,378900000000000.0,0.5432,71.2,2007.23,0.0,9.0123456789e-05,,,,,,,5.59e-05,1.0000000028,S43 medium distance,38071497974.22413,z,9.0123456789e-05,0.22474487139158894,nan,0.22474487139158894,5.589999999999762e-05,3.4223456789002376e-05,-0.22465474793479995,nan,-0.22465474793479995,3.4223456789002376e-05,0.22465474793479995,nan,0.22465474793479995,36.93168439686472
S45_SgrA*,S-stars,4297000.0,501200000000000.0,0.4109,98.7,2004.78,0.0,6.78901234567e-05,,,,,,,4.21e-05,1.0000000028,S45 low eccentricity,38071497974.22413,z,6.78901234567e-05,0.22474487139158894,nan,0.22474487139158894,4.209999999993386e-05,2.579012345676614e-05,-0.22467698126813224,nan,-0.22467698126813224,2.579012345676614e-05,0.22467698126813224,nan,0.22467698126813224,36.93168439686472
S47_SgrA*,S-stars,4297000.0,267800000000000.0,0.7098,48.9,2014.34,0.0,0.0001890123456789,,,,,,,0.0001173,1.0000000028,S47 elliptical orbit,38071497974.22413,z,0.0001890123456789,0.22474487139158894,nan,0.22474487139158894,0.00011730000000009788,7.171234567880213e-05,-0.22455585904591005,nan,-0.22455585904591005,7.171234567880213e-05,0.22455585904591005,nan,0.22455585904591005,36.93168439686472
S49_SgrA*,S-stars,4297000.0,423400000000000.0,0.3876,82.1,2008.91,0.0,5.67890123456e-05,,,,,,,3.52e-05,1.0000000028,S49 nearly circular,38071497974.22413,z,5.67890123456e-05,0.22474487139158894,nan,0.22474487139158894,3.5199999999901976e-05,2.1589012345698024e-05,-0.22468808237924334,nan,-0.22468808237924334,2.1589012345698024e-05,0.22468808237924334,nan,0.22468808237924334,36.93168439686472
S51_SgrA*,S-stars,4297000.0,190100000000000.0,0.8234,37.6,2016.78,0.0,0.0002789012345678,,,,,,,0.0001731,1.0000000028,S51 eccentric orbit,38071497974.22413,z,0.0002789012345678,0.22474487139158894,nan,0.22474487139158894,0.0001731000000000371,0.00010580123456776288,-0.22446597015702113,nan,-0.22446597015702113,0.00010580123456776288,0.22446597015702113,nan,0.22446597015702113,36.93168439686472
S53_SgrA*,S-stars,4297000.0,612300000000000.0,0.2987,143.5,2002.56,0.0,4.0123456789e-05,,,,,,,2.49e-05,1.0000000028,S53 distant orbit,38071497974.22413,z,4.0123456789e-05,0.22474487139158894,nan,0.22474487139158894,2.4900000000105393e-05,1.5223456788894605e-05,-0.22470474793479994,nan,-0.22470474793479994,1.5223456788894605e-05,0.22470474793479994,nan,0.22470474793479994,36.93168439686472
PSR_J1745-2900,pulsars,4297000.0,240000000000000.0,0.896,0.25,2023.5,180.0,0.00234,,,,,3000000.0,15000000.0,0.001451,1.0000000028,magnetar near Sgr A* with strong relativistic effects,38071497974.22413,z,0.00234,0.22474487139158894,0.0112735588764179,0.23855210480781297,0.012740916810347613,-0.010400916810347613,-0.22240487139158893,-0.0089335588764179,-0.23621210480781296,0.010400916810347613,0.22240487139158893,0.0089335588764179,0.23621210480781296,36.93168439686472
PSR_J1745-29AB,pulsars,4297000.0,180000000000000.0,0.234,1.2,2022.8,90.0,0.00087,,,,,12000000.0,18000000.0,0.000539,1.0000000028,pulsar in close orbit to central BH,38071497974.22413,z,0.00087,0.22474487139158894,0.04190741797254982,0.276070766626733,0.042469006070837034,-0.04159900607083703,-0.22387487139158893,-0.04103741797254982,-0.27520076662673304,0.04159900607083703,0.22387487139158893,0.04103741797254982,0.27520076662673304,36.93168439686472
G2_SgrA*,gas-clouds,4297000.0,250000000000000.0,0.976,250.0,2014.2,45.0,0.01234,,,,,8000000.0,25000000.0,0.007654,1.0000000028,gas cloud G2 pericenter passage,38071497974.22413,z,0.01234,0.22474487139158894,0.030273671170412797,0.26182239489574743,0.03815938584955125,-0.025819385849551253,-0.21240487139158895,-0.017933671170412797,-0.24948239489574744,0.025819385849551253,0.21240487139158895,0.017933671170412797,0.24948239489574744,36.93168439686472
G1_SgrA*,gas-clouds,4297000.0,190000000000000.0,0.854,180.0,2011.3,120.0,0.00876,,,,,6500000.0,19000000.0,0.005432,1.0000000028,gas cloud G1 dynamics,38071497974.22413,z,0.00876,0.22474487139158894,0.02373974559608727,0.2538200030585378,0.029300699894165394,-0.020540699894165394,-0.21598487139158895,-0.014979745596087269,-0.2450600030585378,0.020540699894165394,0.21598487139158895,0.014979745596087269,0.2450600030585378,36.93168439686472
X3_SgrA*,gas-clouds,4297000.0,310000000000000.0,0.765,320.0,2009.7,60.0,0.00567,,,,,4200000.0,16000000.0,0.003516,1.0000000028,extended gas structure X3,38071497974.22413,z,0.00567,0.22474487139158894,0.015456929012477971,0.24367566592708512,0.019027275574885927,-0.013357275574885927,-0.21907487139158893,-0.009786929012477972,-0.2380056659270851,0.013357275574885927,0.21907487139158893,0.009786929012477972,0.2380056659270851,36.93168439686472
X1_SgrA*,gas-clouds,4297000.0,420000000000000.0,0.543,450.0,2006.1,30.0,0.00234,,,,,2800000.0,12000000.0,0.001451,1.0000000028,distant gas cloud X1,38071497974.22413,z,0.00234,0.22474487139158894,0.010149357841856776,0.23717524535632095,0.01161508456008531,-0.00927508456008531,-0.22240487139158893,-0.007809357841856776,-0.23483524535632094,0.00927508456008531,0.22240487139158893,0.007809357841856776,0.23483524535632094,36.93168439686472
IRS16C,massive-stars,4297000.0,120000000000000.0,0.234,12.5,2019.3,275.0,0.00345,,,,,18000000.0,22000000.0,0.002139,1.0000000028,Wolf-Rayet star IRS16C,38071497974.22413,z,0.00345,0.22474487139158894,0.06290739909776688,0.30179038580916284,0.06518095802443691,-0.061730958024436906,-0.22129487139158893,-0.05945739909776688,-0.29834038580916283,0.061730958024436906,0.22129487139158893,0.05945739909776688,0.29834038580916283,36.93168439686472
IRS16NW,massive-stars,4297000.0,150000000000000.0,0.456,18.7,2017.8,315.0,0.00456,,,,,15000000.0,20000000.0,0.002827,1.0000000028,massive star IRS16NW,38071497974.22413,z,0.00456,0.22474487139158894,0.05237908506014022,0.2888958871871794,0.05535416073360522,-0.050794160733605216,-0.22018487139158893,-0.047819085060140216,-0.2843358871871794,0.050794160733605216,0.22018487139158893,0.047819085060140216,0.2843358871871794,36.93168439686472
IRS16SW,massive-stars,4297000.0,180000000000000.0,0.321,23.4,2015.6,225.0,0.00234,,,,,12000000.0,18000000.0,0.001451,1.0000000028,O-type star IRS16SW,38071497974.22413,z,0.00234,0.22474487139158894,0.04190741797254982,0.276070766626733,0.04341922563602818,-0.04107922563602818,-0.22240487139158893,-0.03956741797254982,-0.273730766626733,0.04107922563602818,0.22240487139158893,0.03956741797254982,0.273730766626733,36.93168439686472
IRS13E,massive-stars,4297000.0,210000000000000.0,0.654,34.2,2012.4,180.0,0.00567,,,,,9500000.0,16000000.0,0.003516,1.0000000028,massive star cluster IRS13E,38071497974.22413,z,0.00567,0.22474487139158894,0.03316105811875403,0.26535870725245125,0.03679365239909971,-0.031123652399099706,-0.21907487139158893,-0.027491058118754026,-0.25968870725245125,0.031123652399099706,0.21907487139158893,0.027491058118754026,0.25968870725245125,36.93168439686472
IRS7,massive-stars,4297000.0,280000000000000.0,0.432,56.8,2008.9,135.0,0.00123,,,,,7200000.0,14000000.0,0.000763,1.0000000028,infrared source IRS7,38071497974.22413,z,0.00123,0.22474487139158894,0.02513502916160837,0.2555288694495468,0.025917207188858704,-0.024687207188858706,-0.22351487139158893,-0.02390502916160837,-0.25429886944954677,0.024687207188858706,0.22351487139158893,0.02390502916160837,0.25429886944954677,36.93168439686472
GRS_1915+105,stellar-BH,10.1,580000000000.0,0.0,0.875,2023.1,0.0,0.3,500000000000000.0,384600000000000.0,599.8,779.9,89000000.0,95000000.0,0.186,1.0000000028,stellar mass black hole with accretion disk,89486.18327662641,z,0.3,0.22474487139158894,0.3673397161881129,0.6746423048514221,0.6216649033991017,-0.32166490339910175,0.07525512860841105,-0.06733971618811291,-0.3746423048514221,0.32166490339910175,0.07525512860841105,0.06733971618811291,0.3746423048514221,31.30284041696346
Cyg_X-1,stellar-BH,14.8,2100000000000.0,0.0,5.6,2021.3,0.0,0.156,420000000000000.0,363200000000000.0,713.9,825.2,45000000.0,52000000.0,0.097,1.0000000028,first confirmed black hole,131128.2685637694,z,0.156,0.22474487139158894,0.167805330793378,0.43026358967294764,0.28108244788033554,-0.12508244788033554,-0.06874487139158894,-0.011805330793378005,-0.2742635896729476,0.12508244788033554,0.06874487139158894,0.011805330793378005,0.2742635896729476,31.468780758575775
A0620-00,stellar-BH,6.6,420000000000.0,0.0,0.323,2020.8,0.0,0.057,380000000000000.0,359600000000000.0,789.5,833.5,78000000.0,82000000.0,0.035,1.0000000028,quiescent X-ray binary,58476.119764924195,z,0.057,0.22474487139158894,0.3101414682007104,0.6045890439762667,0.3559964195877352,-0.2989964195877352,-0.16774487139158895,-0.25314146820071043,-0.5475890439762666,0.2989964195877352,0.16774487139158895,0.25314146820071043,0.5475890439762666,31.118062978722687
V404_Cyg,stellar-BH,9.0,1300000000000.0,0.0,6.5,2019.5,0.0,0.124,450000000000000.0,400500000000000.0,666.7,748.6,34000000.0,38000000.0,0.077,1.0000000028,recurrent X-ray transient,79740.16331580572,z,0.124,0.22474487139158894,0.12246544427204431,0.3747337961864676,0.20889528348099162,-0.08489528348099162,-0.10074487139158894,0.0015345557279556887,-0.25073379618646763,0.08489528348099162,0.10074487139158894,0.0015345557279556887,0.25073379618646763,31.252761552620143
M87*_jet,AGN-jets,6500000000.0,8.7e+16,0.0,,,0.0,0.00345,1800000000000000.0,1794000000000000.0,166.5,167.1,292500000.0,296700000.0,0.00214,1.0000000028,M87 central engine relativistic jet,57590117950304.125,z,0.00345,0.22474487139158894,12.79055736389226,15.889914405058555,12.82006915665099,-12.816619156650988,-0.22129487139158893,-12.78710736389226,-15.886464405058554,12.816619156650988,0.22129487139158893,12.78710736389226,15.886464405058554,40.11143239982367
3C273_jet,AGN-jets,1200000000.0,2.3e+17,0.0,,,0.0,0.158,2100000000000000.0,1814000000000000.0,142.9,165.3,275400000.0,284250000.0,0.098,1.0000000028,bright quasar 3C 273 jet,10632021775440.764,z,0.158,0.22474487139158894,5.037138254802269,6.393954115451046,5.628777803772891,-5.470777803772891,-0.06674487139158894,-4.879138254802268,-6.235954115451046,5.470777803772891,0.06674487139158894,4.879138254802268,6.235954115451046,39.37770028922844
3C279_jet,AGN-jets,840000000.0,1.8e+17,0.0,,,0.0,0.536,1900000000000000.0,1237000000000000.0,157.9,242.4,287100000.0,293340000.0,0.332,1.0000000028,blazar 3C 279 superluminal jet,7442415242808.535,z,0.536,0.22474487139158894,8.486807539908025,10.61891888038141,11.63642764315749,-11.10042764315749,0.3112551286084111,-7.950807539908025,-10.08291888038141,11.10042764315749,0.3112551286084111,7.950807539908025,10.08291888038141,39.2227983292427
PKS_1510-089,AGN-jets,320000000.0,9.4e+16,0.0,,,0.0,0.361,2200000000000000.0,1616000000000000.0,136.4,185.5,266700000.0,278490000.0,0.224,1.0000000028,gamma-ray loud blazar,2835205806784.203,z,0.361,0.22474487139158894,4.103983529248272,5.251077651113963,5.247275839799885,-4.886275839799885,0.13625512860841105,-3.7429835292482725,-4.890077651113963,4.886275839799885,0.13625512860841105,3.7429835292482725,4.890077651113963,38.803669021500724
BL_Lac,AGN-jets,180000000.0,1.2e+17,0.0,,,0.0,0.069,2500000000000000.0,2339000000000000.0,119.9,128.2,233700000.0,254550000.0,0.043,1.0000000028,prototype BL Lac object,1594803266316.1143,z,0.069,0.22474487139158894,2.3687293210676015,3.125833959084014,2.513584681873508,-2.444584681873508,-0.15574487139158893,-2.2997293210676015,-3.056833959084014,2.444584681873508,0.15574487139158893,2.2997293210676015,3.056833959084014,38.553791548284124
PSR_B1913+16,NS-binaries,1.4,780000000.0,0.617,0.323,1974.5,0.0,2.3e-05,1420000000.0,1419968000.0,211.1,211.2,127000.0,245000.0,1.4e-05,1.0000000028,Hulse-Taylor binary pulsar,12404.025404680888,z,2.3e-05,0.22474487139158894,0.0004239604766302918,0.2252641148110146,0.00043796641207682896,-0.00041496641207682894,-0.22472187139158895,-0.0004009604766302918,-0.2252411148110146,0.00041496641207682894,0.22472187139158895,0.0004009604766302918,0.2252411148110146,30.444647078859056
PSR_J0737-3039A,NS-binaries,1.34,910000000.0,0.088,0.102,2003.1,0.0,1.8e-05,1380000000.0,1379975000.0,217.4,217.4,89000.0,156000.0,1.1e-05,1.0000000028,double pulsar system A,11872.424315908853,z,1.8e-05,0.22474487139158894,0.0002970074722055127,0.22510862976993762,0.0003080107392876563,-0.0002900107392876563,-0.22472687139158895,-0.0002790074722055127,-0.22509062976993763,0.0002900107392876563,0.22472687139158895,0.0002790074722055127,0.22509062976993763,30.425623841545626
PSR_J0737-3039B,NS-binaries,1.25,910000000.0,0.088,0.102,2003.1,180.0,1.6e-05,1350000000.0,1349978000.0,222.2,222.2,134000.0,189000.0,1e-05,1.0000000028,double pulsar system B,11075.022682750794,z,1.6e-05,0.22474487139158894,0.00044717470131327985,0.22529254631363838,0.0004571791730603181,-0.00044117917306031807,-0.22472887139158895,-0.00043117470131327984,-0.2252765463136384,0.00044117917306031807,0.22472887139158895,0.00043117470131327984,0.2252765463136384,30.395429056188874
PSR_J1141-6545,NS-binaries,1.3,1800000000.0,0.172,0.198,1999.7,0.0,3.4e-05,1410000000.0,1409952000.0,212.8,212.9,67000.0,123000.0,2.1e-05,1.0000000028,NS-WD binary system,11518.023590060824,z,3.4e-05,0.22474487139158894,0.00022357212901713552,0.22501869020998888,0.0002445768240317836,-0.0002105768240317836,-0.22471087139158893,-0.0001895721290171355,-0.22498469020998887,0.0002105768240317836,0.22471087139158893,0.0001895721290171355,0.22498469020998887,30.412462395487655
PSR_B1534+12,NS-binaries,1.33,2400000000.0,0.274,0.421,1990.3,0.0,4.5e-05,1370000000.0,1369939000.0,218.8,219.0,78000.0,145000.0,2.8e-05,1.0000000028,another relativistic binary,11783.824134446844,z,4.5e-05,0.22474487139158894,0.0002602969920448839,0.22506366879763462,0.0002883042803605296,-0.00024330428036052956,-0.22469987139158895,-0.00021529699204488387,-0.22501866879763463,0.00024330428036052956,0.22469987139158895,0.00021529699204488387,0.22501866879763463,30.422370684147904
Vega,nearby-stars,2.1,,,,,0.0,-1.7e-05,545000000000000.0,545009300000000.0,550.0,549.9,0.0,-12000.0,-0.0,1.0000000028,nearby A-type star with blueshift,18606.038107021333,z,-1.7e-05,0.22474487139158894,nan,0.22474487139158894,0.0,-1.7e-05,-0.22476187139158893,nan,-0.22476187139158893,1.7e-05,0.22476187139158893,nan,0.22476187139158893,30.620738337914737
Sirius_A,nearby-stars,2.02,,,,,0.0,3.2e-05,732000000000000.0,731976600000000.0,410.0,410.1,0.0,5600.0,0.0,1.0000000028,bright binary star system,17897.236655325283,z,3.2e-05,0.22474487139158894,1.7446355471406605e-10,0.22474487160526224,1.7446355471406605e-10,3.1999825536445284e-05,-0.22471287139158894,3.1999825536445284e-05,-0.22471287160526224,3.1999825536445284e-05,0.22471287139158894,3.1999825536445284e-05,0.22471287160526224,30.60387041262744
Proxima_Cen,nearby-stars,0.123,,,,,0.0,-7.5e-05,468000000000000.0,468035100000000.0,641.0,640.9,0.0,-22000.0,-0.0,1.0000000028,closest star to Sun,1089.7822319826782,z,-7.5e-05,0.22474487139158894,nan,0.22474487139158894,0.0,-7.5e-05,-0.22481987139158893,nan,-0.22481987139158893,7.5e-05,0.22481987139158893,nan,0.22481987139158893,29.388424154620214
Alpha_Cen_A,nearby-stars,1.1,,,,,0.0,-2.3e-05,523000000000000.0,523012000000000.0,573.5,573.4,0.0,-22000.0,-0.0,1.0000000028,Sun-like star in Alpha Centauri,9746.019960820699,z,-2.3e-05,0.22474487139158894,nan,0.22474487139158894,0.0,-2.3e-05,-0.22476787139158894,nan,-0.22476787139158894,2.3e-05,0.22476787139158894,nan,0.22476787139158894,30.339911728339043
Betelgeuse,nearby-stars,11.6,,,,,0.0,6.8e-05,421000000000000.0,420971300000000.0,712.1,712.3,0.0,21000.0,0.0,1.0000000028,red supergiant variable star,102776.21049592737,z,6.8e-05,0.22474487139158894,2.4533934883663733e-09,0.22474487439637003,2.4533934883663733e-09,6.799754660651163e-05,-0.22467687139158893,6.799754660651163e-05,-0.22467687439637002,6.799754660651163e-05,0.22467687139158893,6.799754660651163e-05,0.22467687439637002,31.362977032407738
Rigel,nearby-stars,18.7,,,,,0.0,0.000123,689000000000000.0,688915100000000.0,435.1,435.2,0.0,18000.0,0.0,1.0000000028,blue supergiant in Orion,165682.33933395188,z,0.000123,0.22474487139158894,1.802493265756766e-09,0.22474487359918327,1.802493265756766e-09,0.00012299819750673425,-0.22462187139158893,0.00012299819750673425,-0.22462187359918326,0.00012299819750673425,0.22462187139158893,0.00012299819750673425,0.22462187359918326,31.570360649717315
Spica,nearby-stars,10.25,,,,,0.0,3.4e-05,812000000000000.0,811972400000000.0,369.2,369.2,0.0,1000.0,0.0,1.0000000028,hot binary star system,90815.18599855651,z,3.4e-05,0.22474487139158894,5.5633275763966594e-12,0.2247448713984026,5.5633275763966594e-12,3.399999443667242e-05,-0.22471087139158893,3.399999443667242e-05,-0.2247108713984026,3.399999443667242e-05,0.22471087139158893,3.399999443667242e-05,0.2247108713984026,31.30924290857259
Antares,nearby-stars,12.4,,,,,0.0,8.9e-05,398000000000000.0,397964500000000.0,753.3,753.4,0.0,-3200.0,0.0,1.0000000028,red supergiant in Scorpius,109864.2250128879,z,8.9e-05,0.22474487139158894,nan,0.22474487139158894,0.0,8.9e-05,-0.22465587139158893,nan,-0.22465587139158893,8.9e-05,0.22465587139158893,nan,0.22465587139158893,31.39194072834305
Polaris,nearby-stars,5.4,,,,,0.0,-5.6e-05,489000000000000.0,489027400000000.0,613.1,613.0,0.0,-17000.0,-0.0,1.0000000028,current North Star,47844.09798948344,z,-5.6e-05,0.22474487139158894,nan,0.22474487139158894,0.0,-5.6e-05,-0.22480087139158894,nan,-0.22480087139158894,5.6e-05,0.22480087139158894,nan,0.22480087139158894,31.030912803003787
Aldebaran,nearby-stars,1.16,,,,,0.0,0.000189,432000000000000.0,431918300000000.0,694.0,694.1,0.0,54000.0,0.0,1.0000000028,red giant in Taurus,10277.621049592737,z,0.000189,0.22474487139158894,1.622243828158787e-08,0.22474489125993702,1.622243828158787e-08,0.00018898377756171843,-0.22455587139158895,0.00018898377756171843,-0.22455589125993702,0.00018898377756171843,0.22455587139158895,0.00018898377756171843,0.22455589125993702,30.362977032407738
EHT_M87,SMBH-shadows,6500000000.0,29500000000000.0,0.0,,,0.0,0.00428,230000000000000.0,229100000000000.0,1303.5,1309.1,0.0,0.0,0.00265,1.0000000028,Event Horizon Telescope M87* shadow,57590117950304.125,z,0.00428,0.22474487139158894,nan,0.22474487139158894,0.002650000000000041,0.0016299999999999587,-0.22046487139158893,nan,-0.22046487139158893,0.0016299999999999587,0.22046487139158893,nan,0.22046487139158893,40.11143239982367
