r_over_rs,r_m,m_geom_m,Phi,rho_fl,pr_fl,pt_fl,phi,phip,Zpar,U,X,rho_phi,pr_phi,pt_phi,Delta_phi,rho_tot,pr_tot,pt_tot,one_minus_2m_over_r
1.0500000000e+00,3.1010063512e+03,1.4766696910e+03,8.7986455052e-15,0.0000000000e+00,0.0000000000e+00,0.0000000000e+00,1.0000000000e-04,2.8627498455e-28,1.0000002999e+00,1.4993335555e-22,3.9025412751e-57,1.4993335555e-22,-1.4993335555e-22,-1.4993335555e-22,0.0000000000e+00,1.4993335555e-22,-1.4993335555e-22,-1.4993335555e-22,4.7619047619e-02
1.1050251256e+00,3.2635142217e+03,1.4766696910e+03,3.4548400355e-01,-1.0511337955e-30,-3.1534013866e-31,-3.1534013866e-31,1.0000000103e-04,1.1119843362e-14,1.0000002999e+00,1.4993336069e-22,1.1752178957e-29,1.4993336656e-22,-1.4993335481e-22,-1.4993336656e-22,-1.1752182460e-29,1.4993336551e-22,-1.4993335512e-22,-1.4993336688e-22,9.5043201455e-02
1.1600502513e+00,3.4260220922e+03,1.4766696910e+03,5.3185264198e-01,-6.4423607151e-30,-1.9327082145e-30,-1.9327082145e-30,1.0000000334e-04,1.6770553386e-14,1.0000002999e+00,1.4993337222e-22,3.8803807790e-29,1.4993339162e-22,-1.4993335282e-22,-1.4993339162e-22,-3.8803819426e-29,1.4993338518e-22,-1.4993335475e-22,-1.4993339355e-22,1.3796837773e-01
1.2150753769e+00,3.5885299627e+03,1.4766696910e+03,6.5640273934e-01,-1.7471376554e-29,-5.2414129661e-30,-5.2414129661e-30,1.0000000636e-04,2.0216928902e-14,1.0000002999e+00,1.4993338734e-22,7.2346552395e-29,1.4993342351e-22,-1.4993335117e-22,-1.4993342351e-22,-7.2346574096e-29,1.4993340604e-22,-1.4993335641e-22,-1.4993342876e-22,1.7700578991e-01
1.2701005025e+00,3.7510378333e+03,1.4766696910e+03,7.4811480850e-01,-3.4100040245e-29,-1.0230012073e-29,-1.0230012073e-29,1.0000000985e-04,2.2491158419e-14,1.0000002999e+00,1.4993340475e-22,1.0757490060e-28,1.4993345853e-22,-1.4993335096e-22,-1.4993345853e-22,-1.0757493289e-28,1.4993342443e-22,-1.4993336119e-22,-1.4993346876e-22,2.1266073195e-01
1.3251256281e+00,3.9135457038e+03,1.4766696910e+03,8.1966168001e-01,-5.5734419076e-29,-1.6720325723e-29,-1.6720325723e-29,1.0000001364e-04,2.4062528997e-14,1.0000002999e+00,1.4993342368e-22,1.4206159660e-28,1.4993349471e-22,-1.4993335265e-22,-1.4993349471e-22,-1.4206163919e-28,1.4993343898e-22,-1.4993336937e-22,-1.4993351143e-22,2.4535456959e-01
1.3801507538e+00,4.0760535743e+03,1.4766696910e+03,8.7740897064e-01,-8.1718916450e-29,-2.4515674935e-29,-2.4515674935e-29,1.0000001764e-04,2.5173291607e-14,1.0000002999e+00,1.4993344371e-22,1.7454577561e-28,1.4993353098e-22,-1.4993335643e-22,-1.4993353098e-22,-1.7454582795e-28,1.4993344926e-22,-1.4993338095e-22,-1.4993355549e-22,2.7544147096e-01
1.4351758794e+00,4.2385614448e+03,1.4766696910e+03,9.2551864230e-01,-1.1123110173e-28,-3.3369330519e-29,-3.3369330519e-29,1.0000002180e-04,2.5980631262e-14,1.0000002999e+00,1.4993346449e-22,2.0467230807e-28,1.4993356682e-22,-1.4993336215e-22,-1.4993356682e-22,-2.0467236945e-28,1.4993345559e-22,-1.4993339552e-22,-1.4993360019e-22,3.0322128852e-01
1.4902010050e+00,4.4010693153e+03,1.4766696910e+03,9.6616360564e-01,-1.4373014621e-28,-4.3119043864e-29,-4.3119043864e-29,1.0000002608e-04,2.6569269391e-14,1.0000002999e+00,1.4993348584e-22,2.3221409108e-28,1.4993360195e-22,-1.4993336973e-22,-1.4993360195e-22,-2.3221416071e-28,1.4993345822e-22,-1.4993341285e-22,-1.4993364507e-22,3.2894958692e-01
1.5452261307e+00,4.5635771859e+03,1.4766696910e+03,1.0012744801e+00,-1.7854788286e-28,-5.3564364857e-29,-5.3564364857e-29,1.0000003043e-04,2.7008928373e-14,1.0000002999e+00,1.4993350760e-22,2.5739453655e-28,1.4993363630e-22,-1.4993337890e-22,-1.4993363630e-22,-2.5739461375e-28,1.4993345775e-22,-1.4993343247e-22,-1.4993368986e-22,3.5284552846e-01
1.6002512563e+00,4.7260850564e+03,1.4766696910e+03,1.0319252000e+00,-2.1525830139e-28,-6.4577490417e-29,-6.4577490417e-29,1.0000003485e-04,2.7339188427e-14,1.0000002999e+00,1.4993352967e-22,2.8036005554e-28,1.4993366985e-22,-1.4993338949e-22,-1.4993366985e-22,-2.8036013963e-28,1.4993345459e-22,-1.4993345406e-22,-1.4993373442e-22,3.7509813157e-01
1.6552763819e+00,4.8885929269e+03,1.4766696910e+03,1.0588769305e+00,-2.5351962990e-28,-7.6055888971e-29,-7.6055888971e-29,1.0000003931e-04,2.7588088130e-14,1.0000002999e+00,1.4993355197e-22,3.0129866395e-28,1.4993370262e-22,-1.4993340132e-22,-1.4993370262e-22,-3.0129875430e-28,1.4993344910e-22,-1.4993347738e-22,-1.4993377867e-22,3.9587128112e-01
1.7103015075e+00,5.0511007974e+03,1.4766696910e+03,1.0827887083e+00,-2.9301252501e-28,-8.7903757502e-29,-8.7903757502e-29,1.0000004381e-04,2.7778148091e-14,1.0000002999e+00,1.4993357445e-22,3.2046207148e-28,1.4993373468e-22,-1.4993341422e-22,-1.4993373468e-22,-3.2046216759e-28,1.4993344167e-22,-1.4993350213e-22,-1.4993382259e-22,4.1530777141e-01
1.7653266332e+00,5.2136086679e+03,1.4766696910e+03,1.1042921970e+00,-3.3343514658e-28,-1.0003054398e-28,-1.0003054398e-28,1.0000004834e-04,2.7927533060e-14,1.0000002999e+00,1.4993359707e-22,3.3813249006e-28,1.4993376614e-22,-1.4993342800e-22,-1.4993376614e-22,-3.3813259147e-28,1.4993343270e-22,-1.4993352803e-22,-1.4993386617e-22,4.3353259323e-01
1.8203517588e+00,5.3761165385e+03,1.4766696910e+03,1.1236956045e+00,-3.7462378498e-28,-1.1238713549e-28,-1.1238713549e-28,1.0000005289e-04,2.8046308395e-14,1.0000002999e+00,1.4993361979e-22,3.5448364784e-28,1.4993379704e-22,-1.4993344255e-22,-1.4993379704e-22,-3.5448375415e-28,1.4993342241e-22,-1.4993355494e-22,-1.4993390942e-22,4.5065562457e-01
1.8753768844e+00,5.5386244090e+03,1.4766696910e+03,1.1412262702e+00,-4.1644788513e-28,-1.2493436554e-28,-1.2493436554e-28,1.0000005745e-04,2.8142513423e-14,1.0000002999e+00,1.4993364261e-22,3.6968538307e-28,1.4993382745e-22,-1.4993345777e-22,-1.4993382745e-22,-3.6968549395e-28,1.4993341100e-22,-1.4993358270e-22,-1.4993395239e-22,4.6677384780e-01
1.9304020101e+00,5.7011322795e+03,1.4766696910e+03,1.1573150391e+00,-4.5872831796e-28,-1.3761849539e-28,-1.3761849539e-28,1.0000006203e-04,2.8224525132e-14,1.0000002999e+00,1.4993366549e-22,3.8395132129e-28,1.4993385747e-22,-1.4993347351e-22,-1.4993385747e-22,-3.8395143642e-28,1.4993339874e-22,-1.4993361113e-22,-1.4993399508e-22,4.8197318756e-01
1.9854271357e+00,5.8636401500e+03,1.4766696910e+03,1.1719364298e+00,-5.0143949017e-28,-1.5043184705e-28,-1.5043184705e-28,1.0000006663e-04,2.8295461911e-14,1.0000002999e+00,1.4993368844e-22,3.9737829310e-28,1.4993388713e-22,-1.4993348975e-22,-1.4993388713e-22,-3.9737841226e-28,1.4993338569e-22,-1.4993364018e-22,-1.4993403756e-22,4.9633004303e-01
2.0404522613e+00,6.0261480205e+03,1.4766696910e+03,1.1854730767e+00,-5.4444776487e-28,-1.6333432946e-28,-1.6333432946e-28,1.0000007123e-04,2.8360548748e-14,1.0000002999e+00,1.4993371144e-22,4.1013325002e-28,1.4993391650e-22,-1.4993350637e-22,-1.4993391650e-22,-4.1013337303e-28,1.4993337206e-22,-1.4993366971e-22,-1.4993407984e-22,5.0991257234e-01
2.0954773869e+00,6.1886558911e+03,1.4766696910e+03,1.1979194291e+00,-5.8773765524e-28,-1.7632129657e-28,-1.7632129657e-28,1.0000007584e-04,2.8421988099e-14,1.0000002999e+00,1.4993373449e-22,4.2230803558e-28,1.4993394564e-22,-1.4993352334e-22,-1.4993394564e-22,-4.2230816221e-28,1.4993335791e-22,-1.4993369966e-22,-1.4993412197e-22,5.2278177458e-01
2.1505025126e+00,6.3511637616e+03,1.4766696910e+03,1.2094567167e+00,-6.3125204930e-28,-1.8937561479e-28,-1.8937561479e-28,1.0000008047e-04,2.8482193575e-14,1.0000002999e+00,1.4993375759e-22,4.3400475189e-28,1.4993397459e-22,-1.4993354059e-22,-1.4993397459e-22,-4.3400488203e-28,1.4993334334e-22,-1.4993372997e-22,-1.4993416397e-22,5.3499240565e-01
2.2055276382e+00,6.5136716321e+03,1.4766696910e+03,1.2202265253e+00,-6.7495137505e-28,-2.0248541251e-28,-2.0248541251e-28,1.0000008510e-04,2.8542752506e-14,1.0000002999e+00,1.4993378074e-22,4.4530376869e-28,1.4993400339e-22,-1.4993355809e-22,-1.4993400339e-22,-4.4530390225e-28,1.4993332844e-22,-1.4993376057e-22,-1.4993420588e-22,5.4659375712e-01
2.2605527638e+00,6.6761795026e+03,1.4766696910e+03,1.2301950833e+00,-7.1884353941e-28,-2.1565306182e-28,-2.1565306182e-28,1.0000008975e-04,2.8605163940e-14,1.0000002999e+00,1.4993380394e-22,4.5628402378e-28,1.4993403208e-22,-1.4993357580e-22,-1.4993403208e-22,-4.5628416061e-28,1.4993331324e-22,-1.4993379145e-22,-1.4993424774e-22,5.5763032122e-01
2.3155778894e+00,6.8386873731e+03,1.4766696910e+03,1.2395221817e+00,-7.6289406857e-28,-2.2886822057e-28,-2.2886822057e-28,1.0000009440e-04,2.8670221293e-14,1.0000002999e+00,1.4993382720e-22,4.6700256075e-28,1.4993406070e-22,-1.4993359369e-22,-1.4993406070e-22,-4.6700270079e-28,1.4993329780e-22,-1.4993382256e-22,-1.4993428956e-22,5.6814236111e-01
2.3706030151e+00,7.0011952437e+03,1.4766696910e+03,1.2482795651e+00,-8.0709212166e-28,-2.4212763650e-28,-2.4212763650e-28,1.0000009906e-04,2.8738528267e-14,1.0000002999e+00,1.4993385050e-22,4.7750936968e-28,1.4993408926e-22,-1.4993361175e-22,-1.4993408926e-22,-4.7750951286e-28,1.4993328216e-22,-1.4993385387e-22,-1.4993433138e-22,5.7816640170e-01
2.4256281407e+00,7.1637031142e+03,1.4766696910e+03,1.2565132686e+00,-8.5143519032e-28,-2.5543055710e-28,-2.5543055710e-28,1.0000010374e-04,2.8810599243e-14,1.0000002999e+00,1.4993387386e-22,4.8785034881e-28,1.4993411779e-22,-1.4993362994e-22,-1.4993411779e-22,-4.8785049512e-28,1.4993326635e-22,-1.4993388537e-22,-1.4993437322e-22,5.8773565362e-01
2.4806532663e+00,7.3262109847e+03,1.4766696910e+03,1.2642247350e+00,-8.9593705902e-28,-2.6878111771e-28,-2.6878111771e-28,1.0000010843e-04,2.8887236369e-14,1.0000002999e+00,1.4993389728e-22,4.9808021886e-28,1.4993414633e-22,-1.4993364824e-22,-1.4993414633e-22,-4.9808036825e-28,1.4993325039e-22,-1.4993391703e-22,-1.4993441511e-22,5.9688038084e-01
2.5356783920e+00,7.4887188552e+03,1.4766696910e+03,1.2714859674e+00,-9.4059200246e-28,-2.8217760074e-28,-2.8217760074e-28,1.0000011313e-04,2.8968494449e-14,1.0000002999e+00,1.4993392077e-22,5.0822725674e-28,1.4993417489e-22,-1.4993366666e-22,-1.4993417489e-22,-5.0822740913e-28,1.4993323430e-22,-1.4993394884e-22,-1.4993445707e-22,6.0562822037e-01
2.5907035176e+00,7.6512267258e+03,1.4766696910e+03,1.2783489495e+00,-9.8539902668e-28,-2.9561970800e-28,-2.9561970800e-28,1.0000011784e-04,2.9054385043e-14,1.0000002999e+00,1.4993394433e-22,5.1831634219e-28,1.4993420349e-22,-1.4993368517e-22,-1.4993420349e-22,-5.1831649762e-28,1.4993321809e-22,-1.4993398079e-22,-1.4993449911e-22,6.1400446125e-01
2.6457286432e+00,7.8137345963e+03,1.4766696910e+03,1.2848438179e+00,-1.0303643039e-27,-3.0910929117e-28,-3.0910929117e-28,1.0000012257e-04,2.9145022772e-14,1.0000002999e+00,1.4993396796e-22,5.2837435025e-28,1.4993423215e-22,-1.4993370377e-22,-1.4993423215e-22,-5.2837450867e-28,1.4993320178e-22,-1.4993401288e-22,-1.4993454125e-22,6.2203228870e-01
2.7007537688e+00,7.9762424668e+03,1.4766696910e+03,1.2909981172e+00,-1.0754950604e-27,-3.2264851811e-28,-3.2264851811e-28,1.0000012732e-04,2.9240467608e-14,1.0000002999e+00,1.4993399166e-22,5.3842482826e-28,1.4993426087e-22,-1.4993372245e-22,-1.4993426087e-22,-5.3842498975e-28,1.4993318538e-22,-1.4993404510e-22,-1.4993458352e-22,6.2973299842e-01
2.7557788945e+00,8.1387503373e+03,1.4766696910e+03,1.2968370515e+00,-1.1207993002e-27,-3.3623979005e-28,-3.3623979005e-28,1.0000013208e-04,2.9340733991e-14,1.0000002999e+00,1.4993401544e-22,5.4848834371e-28,1.4993428969e-22,-1.4993374120e-22,-1.4993428969e-22,-5.4848850818e-28,1.4993316889e-22,-1.4993407744e-22,-1.4993462593e-22,6.3712618527e-01
2.8108040201e+00,8.3012582078e+03,1.4766696910e+03,1.3023837073e+00,-1.1662855579e-27,-3.4988566736e-28,-3.4988566736e-28,1.0000013685e-04,2.9445798694e-14,1.0000002999e+00,1.4993403931e-22,5.5858280348e-28,1.4993431860e-22,-1.4993376002e-22,-1.4993431860e-22,-5.5858297098e-28,1.4993315231e-22,-1.4993410990e-22,-1.4993466848e-22,6.4422990972e-01
2.8658291457e+00,8.4637660784e+03,1.4766696910e+03,1.3076592525e+00,-1.2119626768e-27,-3.6358880303e-28,-3.6358880303e-28,1.0000014165e-04,2.9555607590e-14,1.0000002999e+00,1.4993406326e-22,5.6872374527e-28,1.4993434762e-22,-1.4993377890e-22,-1.4993434762e-22,-5.6872391580e-28,1.4993313566e-22,-1.4993414249e-22,-1.4993471121e-22,6.5106084517e-01
2.9208542714e+00,8.6262739489e+03,1.4766696910e+03,1.3126831141e+00,-1.2578396102e-27,-3.7735188305e-28,-3.7735188305e-28,1.0000014646e-04,2.9670081478e-14,1.0000002999e+00,1.4993408730e-22,5.7892460245e-28,1.4993437677e-22,-1.4993379784e-22,-1.4993437677e-22,-5.7892477608e-28,1.4993311893e-22,-1.4993417519e-22,-1.4993475412e-22,6.5763440860e-01
2.9758793970e+00,8.7887818194e+03,1.4766696910e+03,1.3174731372e+00,-1.3039252434e-27,-3.9117757302e-28,-3.9117757302e-28,1.0000015129e-04,2.9789121080e-14,1.0000002999e+00,1.4993411144e-22,5.8919694376e-28,1.4993440604e-22,-1.4993381684e-22,-1.4993440604e-22,-5.8919712047e-28,1.4993310212e-22,-1.4993420802e-22,-1.4993479722e-22,6.6396487673e-01
3.0309045226e+00,8.9512896899e+03,1.4766696910e+03,1.3220457280e+00,-1.3502282339e-27,-4.0506847016e-28,-4.0506847016e-28,1.0000015614e-04,2.9912611327e-14,1.0000002999e+00,1.4993413568e-22,5.9955068966e-28,1.4993443546e-22,-1.4993383590e-22,-1.4993443546e-22,-5.9955086944e-28,1.4993308523e-22,-1.4993424097e-22,-1.4993484052e-22,6.7006548951e-01
3.0859296482e+00,9.1137975604e+03,1.4766696910e+03,1.3264159817e+00,-1.3967568672e-27,-4.1902706016e-28,-4.1902706016e-28,1.0000016101e-04,3.0040425022e-14,1.0000002999e+00,1.4993416002e-22,6.0999430702e-28,1.4993446502e-22,-1.4993385502e-22,-1.4993446502e-22,-6.0999448995e-28,1.4993306826e-22,-1.4993427405e-22,-1.4993488404e-22,6.7594854258e-01
3.1409547739e+00,9.2763054310e+03,1.4766696910e+03,1.3305977977e+00,-1.4435189275e-27,-4.3305567826e-28,-4.3305567826e-28,1.0000016591e-04,3.0172425966e-14,1.0000002999e+00,1.4993418447e-22,6.2053498399e-28,1.4993449473e-22,-1.4993387420e-22,-1.4993449473e-22,-6.2053517008e-28,1.4993305121e-22,-1.4993430725e-22,-1.4993492779e-22,6.8162546996e-01
3.1959798995e+00,9.4388133015e+03,1.4766696910e+03,1.3346039837e+00,-1.4905215798e-27,-4.4715647395e-28,-4.4715647395e-28,1.0000017082e-04,3.0308471615e-14,1.0000002999e+00,1.4993420902e-22,6.3117878672e-28,1.4993452461e-22,-1.4993389343e-22,-1.4993452461e-22,-6.3117897600e-28,1.4993303409e-22,-1.4993434059e-22,-1.4993497176e-22,6.8710691824e-01
3.2510050251e+00,9.6013211720e+03,1.4766696910e+03,1.3384463497e+00,-1.5377712629e-27,-4.6133137888e-28,-4.6133137888e-28,1.0000017576e-04,3.0448415323e-14,1.0000002999e+00,1.4993423368e-22,6.4193079953e-28,1.4993455465e-22,-1.4993391272e-22,-1.4993455465e-22,-6.4193099205e-28,1.4993301688e-22,-1.4993437405e-22,-1.4993501598e-22,6.9240281320e-01
3.3060301508e+00,9.7638290425e+03,1.4766696910e+03,1.3421357923e+00,-1.5852735914e-27,-4.7558207742e-28,-4.7558207742e-28,1.0000018072e-04,3.0592108243e-14,1.0000002999e+00,1.4993425846e-22,6.5279525019e-28,1.4993458486e-22,-1.4993393206e-22,-1.4993458486e-22,-6.5279544593e-28,1.4993299958e-22,-1.4993440764e-22,-1.4993506044e-22,6.9752241982e-01
3.3610552764e+00,9.9263369130e+03,1.4766696910e+03,1.3456823721e+00,-1.6330332652e-27,-4.8990997955e-28,-4.8990997955e-28,1.0000018570e-04,3.0739400910e-14,1.0000002999e+00,1.4993428335e-22,6.6377562159e-28,1.4993461524e-22,-1.4993395146e-22,-1.4993461524e-22,-6.6377582066e-28,1.4993298220e-22,-1.4993444137e-22,-1.4993510515e-22,7.0247439635e-01
3.4160804020e+00,1.0088844784e+04,1.4766696910e+03,1.3490810797e+00,-1.6810852491e-27,-5.0432557473e-28,-5.0432557473e-28,1.0000019071e-04,3.0890526265e-14,1.0000002999e+00,1.4993430837e-22,6.7489142968e-28,1.4993464582e-22,-1.4993397092e-22,-1.4993464582e-22,-6.7489163205e-28,1.4993296473e-22,-1.4993447525e-22,-1.4993515014e-22,7.0726684319e-01
3.4711055276e+00,1.0251352654e+04,1.4766696910e+03,1.3523414106e+00,-1.7294396996e-27,-5.1883190988e-28,-5.1883190988e-28,1.0000019574e-04,3.1045344390e-14,1.0000002999e+00,1.4993433352e-22,6.8614584659e-28,1.4993467660e-22,-1.4993399045e-22,-1.4993467660e-22,-6.8614605236e-28,1.4993294716e-22,-1.4993450928e-22,-1.4993519543e-22,7.1190734709e-01
3.5261306533e+00,1.0413860525e+04,1.4766696910e+03,1.3554842669e+00,-1.7780742912e-27,-5.3342228735e-28,-5.3342228735e-28,1.0000020080e-04,3.1203374112e-14,1.0000002999e+00,1.4993435880e-22,6.9752619993e-28,1.4993470756e-22,-1.4993401004e-22,-1.4993470756e-22,-6.9752640913e-28,1.4993292949e-22,-1.4993454346e-22,-1.4993524099e-22,7.1640302123e-01
3.5811557789e+00,1.0576368395e+04,1.4766696910e+03,1.3585171774e+00,-1.8269907408e-27,-5.4809722224e-28,-5.4809722224e-28,1.0000020588e-04,3.1364468360e-14,1.0000002999e+00,1.4993438420e-22,7.0903367792e-28,1.4993473872e-22,-1.4993402969e-22,-1.4993473872e-22,-7.0903389053e-28,1.4993291173e-22,-1.4993457778e-22,-1.4993528682e-22,7.2076054164e-01
3.6361809045e+00,1.0738876266e+04,1.4766696910e+03,1.3614471036e+00,-1.8761895232e-27,-5.6285685696e-28,-5.6285685696e-28,1.0000021099e-04,3.1528484169e-14,1.0000002999e+00,1.4993440973e-22,7.2066911514e-28,1.4993477006e-22,-1.4993404939e-22,-1.4993477006e-22,-7.2066933126e-28,1.4993289387e-22,-1.4993461225e-22,-1.4993533292e-22,7.2498618021e-01
3.6912060302e+00,1.0901384136e+04,1.4766696910e+03,1.3642784814e+00,-1.9256762310e-27,-5.7770286929e-28,-5.7770286929e-28,1.0000021613e-04,3.1695342315e-14,1.0000002999e+00,1.4993443538e-22,7.3243578340e-28,1.4993480160e-22,-1.4993406916e-22,-1.4993480160e-22,-7.3243600305e-28,1.4993287592e-22,-1.4993464686e-22,-1.4993537930e-22,7.2908583486e-01
3.7462311558e+00,1.1063892007e+04,1.4766696910e+03,1.3669868113e+00,-1.9755575440e-27,-5.9266726319e-28,-5.9266726319e-28,1.0000022129e-04,3.1865831976e-14,1.0000002999e+00,1.4993446120e-22,7.4437716537e-28,1.4993483339e-22,-1.4993408901e-22,-1.4993483339e-22,-7.4437738861e-28,1.4993285783e-22,-1.4993468168e-22,-1.4993542606e-22,7.3306505701e-01
3.8012562814e+00,1.1226399877e+04,1.4766696910e+03,1.3696105506e+00,-2.0257355106e-27,-6.0772065319e-28,-6.0772065319e-28,1.0000022649e-04,3.2038871662e-14,1.0000002999e+00,1.4993448715e-22,7.5644981008e-28,1.4993486538e-22,-1.4993410893e-22,-1.4993486538e-22,-7.5645003693e-28,1.4993283964e-22,-1.4993471665e-22,-1.4993547310e-22,7.3692907661e-01
3.8562814070e+00,1.1388907748e+04,1.4766696910e+03,1.3721548970e+00,-2.0762066737e-27,-6.2286200210e-28,-6.2286200210e-28,1.0000023171e-04,3.2214332735e-14,1.0000002999e+00,1.4993451323e-22,7.6865340366e-28,1.4993489756e-22,-1.4993412891e-22,-1.4993489756e-22,-7.6865363414e-28,1.4993282135e-22,-1.4993475177e-22,-1.4993552042e-22,7.4068282512e-01
3.9113065327e+00,1.1551415618e+04,1.4766696910e+03,1.3746246607e+00,-2.1269660624e-27,-6.3808981872e-28,-6.3808981872e-28,1.0000023695e-04,3.2392092390e-14,1.0000002999e+00,1.4993453944e-22,7.8098750651e-28,1.4993492993e-22,-1.4993414894e-22,-1.4993492993e-22,-7.8098774071e-28,1.4993280297e-22,-1.4993478703e-22,-1.4993556802e-22,7.4433095651e-01
3.9663316583e+00,1.1713923489e+04,1.4766696910e+03,1.3769905288e+00,-2.1781618494e-27,-6.5344855481e-28,-6.5344855481e-28,1.0000024224e-04,3.2573113197e-14,1.0000002999e+00,1.4993456583e-22,7.9350417749e-28,1.4993496259e-22,-1.4993416908e-22,-1.4993496259e-22,-7.9350441546e-28,1.4993278442e-22,-1.4993482253e-22,-1.4993561603e-22,7.4787786646e-01
4.0213567839e+00,1.1876431359e+04,1.4766696910e+03,1.3792872386e+00,-2.2296745297e-27,-6.6890235891e-28,-6.6890235891e-28,1.0000024755e-04,3.2756344974e-14,1.0000002999e+00,1.4993459237e-22,8.0615820594e-28,1.4993499544e-22,-1.4993418929e-22,-1.4993499544e-22,-8.0615844767e-28,1.4993276577e-22,-1.4993485819e-22,-1.4993566435e-22,7.5132771009e-01
4.0763819095e+00,1.2038939230e+04,1.4766696910e+03,1.3815227662e+00,-2.2814787891e-27,-6.8444363673e-28,-6.8444363673e-28,1.0000025288e-04,3.2941548070e-14,1.0000002999e+00,1.4993461902e-22,8.1894246762e-28,1.4993502850e-22,-1.4993420955e-22,-1.4993502850e-22,-8.1894271319e-28,1.4993274702e-22,-1.4993489400e-22,-1.4993571294e-22,7.5468441815e-01
4.1314070352e+00,1.2201447100e+04,1.4766696910e+03,1.3836876094e+00,-2.3336358950e-27,-7.0009076850e-28,-7.0009076850e-28,1.0000025825e-04,3.3129050471e-14,1.0000002999e+00,1.4993464584e-22,8.3187776297e-28,1.4993506178e-22,-1.4993422990e-22,-1.4993506178e-22,-8.3187801242e-28,1.4993272814e-22,-1.4993492999e-22,-1.4993576187e-22,7.5795171197e-01
4.1864321608e+00,1.2363954971e+04,1.4766696910e+03,1.3857719975e+00,-2.3862299702e-27,-7.1586899107e-28,-7.1586899107e-28,1.0000026365e-04,3.3319213340e-14,1.0000002999e+00,1.4993467284e-22,8.4498713573e-28,1.4993509533e-22,-1.4993425034e-22,-1.4993509533e-22,-8.4498738911e-28,1.4993270910e-22,-1.4993496621e-22,-1.4993581120e-22,7.6113311727e-01
4.2414572864e+00,1.2526462841e+04,1.4766696910e+03,1.3878064158e+00,-2.4391128133e-27,-7.3173384399e-28,-7.3173384399e-28,1.0000026908e-04,3.3511047702e-14,1.0000002999e+00,1.4993469996e-22,8.5822511071e-28,1.4993512908e-22,-1.4993427085e-22,-1.4993512908e-22,-8.5822536807e-28,1.4993268996e-22,-1.4993500258e-22,-1.4993586081e-22,7.6423197678e-01
4.2964824121e+00,1.2688970712e+04,1.4766696910e+03,1.3897885426e+00,-2.4923042828e-27,-7.4769128484e-28,-7.4769128484e-28,1.0000027454e-04,3.3704638313e-14,1.0000002999e+00,1.4993472722e-22,8.7159968929e-28,1.4993516302e-22,-1.4993429142e-22,-1.4993516302e-22,-8.7159995068e-28,1.4993267072e-22,-1.4993503911e-22,-1.4993591071e-22,7.6725146199e-01
4.3515075377e+00,1.2851478582e+04,1.4766696910e+03,1.3916907562e+00,-2.5460076934e-27,-7.6380230803e-28,-7.6380230803e-28,1.0000028004e-04,3.3900952643e-14,1.0000002999e+00,1.4993475470e-22,8.8516506481e-28,1.4993519729e-22,-1.4993431212e-22,-1.4993519729e-22,-8.8516533026e-28,1.4993265128e-22,-1.4993507592e-22,-1.4993596109e-22,7.7019458398e-01
4.4065326633e+00,1.3013986453e+04,1.4766696910e+03,1.3935523694e+00,-2.5999903235e-27,-7.7999709706e-28,-7.7999709706e-28,1.0000028556e-04,3.4098667721e-14,1.0000002999e+00,1.4993478231e-22,8.9885654607e-28,1.4993523173e-22,-1.4993433288e-22,-1.4993523173e-22,-8.9885681560e-28,1.4993263174e-22,-1.4993511287e-22,-1.4993601173e-22,7.7306420344e-01
4.4615577889e+00,1.3176494323e+04,1.4766696910e+03,1.3953682583e+00,-2.6542905484e-27,-7.9628716451e-28,-7.9628716451e-28,1.0000029112e-04,3.4297963111e-14,1.0000002999e+00,1.4993481004e-22,9.1268669925e-28,1.4993526639e-22,-1.4993435370e-22,-1.4993526639e-22,-9.1268697293e-28,1.4993261210e-22,-1.4993514999e-22,-1.4993606267e-22,7.7586303993e-01
4.5165829146e+00,1.3339002194e+04,1.4766696910e+03,1.3971140468e+00,-2.7091181442e-27,-8.1273544325e-28,-8.1273544325e-28,1.0000029671e-04,3.4499713457e-14,1.0000002999e+00,1.4993483801e-22,9.2670573427e-28,1.4993530136e-22,-1.4993437466e-22,-1.4993530136e-22,-9.2670601218e-28,1.4993259225e-22,-1.4993518739e-22,-1.4993611410e-22,7.7859368046e-01
4.5716080402e+00,1.3501510064e+04,1.4766696910e+03,1.3988270493e+00,-2.7642080877e-27,-8.2926242630e-28,-8.2926242630e-28,1.0000030233e-04,3.4702623183e-14,1.0000002999e+00,1.4993486609e-22,9.4084788529e-28,1.4993533652e-22,-1.4993439567e-22,-1.4993533652e-22,-9.4084816743e-28,1.4993257231e-22,-1.4993522493e-22,-1.4993616578e-22,7.8125858752e-01
4.6266331658e+00,1.3664017935e+04,1.4766696910e+03,1.4004915540e+00,-2.8196928158e-27,-8.4590784474e-28,-8.4590784474e-28,1.0000030799e-04,3.4907252680e-14,1.0000002999e+00,1.4993489434e-22,9.5514630852e-28,1.4993537192e-22,-1.4993441677e-22,-1.4993537192e-22,-9.5514659493e-28,1.4993255222e-22,-1.4993526268e-22,-1.4993621782e-22,7.8386010644e-01
4.6816582915e+00,1.3826525806e+04,1.4766696910e+03,1.4021029168e+00,-2.8756451820e-27,-8.6269355461e-28,-8.6269355461e-28,1.0000031368e-04,3.5113789047e-14,1.0000002999e+00,1.4993492280e-22,9.6961462405e-28,1.4993540760e-22,-1.4993443799e-22,-1.4993540760e-22,-9.6961491484e-28,1.4993253196e-22,-1.4993530068e-22,-1.4993627030e-22,7.8640047228e-01
4.7366834171e+00,1.3989033676e+04,1.4766696910e+03,1.4036879947e+00,-2.9318350826e-27,-8.7955052477e-28,-8.7955052477e-28,1.0000031940e-04,3.5321272157e-14,1.0000002999e+00,1.4993495135e-22,9.8420285339e-28,1.4993544345e-22,-1.4993445925e-22,-1.4993544345e-22,-9.8420314853e-28,1.4993251162e-22,-1.4993533880e-22,-1.4993632300e-22,7.8888181625e-01
4.7917085427e+00,1.4151541547e+04,1.4766696910e+03,1.4052145231e+00,-2.9885814582e-27,-8.9657443745e-28,-8.9657443745e-28,1.0000032516e-04,3.5530879830e-14,1.0000002999e+00,1.4993498015e-22,9.9897927084e-28,1.4993547964e-22,-1.4993448066e-22,-1.4993547964e-22,-9.9897957044e-28,1.4993249106e-22,-1.4993537723e-22,-1.4993637621e-22,7.9130617167e-01
4.8467336683e+00,1.4314049417e+04,1.4766696910e+03,1.4067102568e+00,-3.0456436835e-27,-9.1369310505e-28,-9.1369310505e-28,1.0000033095e-04,3.5741616838e-14,1.0000002999e+00,1.4993500908e-22,1.0138911974e-27,1.4993551603e-22,-1.4993450214e-22,-1.4993551603e-22,-1.0138915014e-27,1.4993247038e-22,-1.4993541583e-22,-1.4993642972e-22,7.9367547952e-01
4.9017587940e+00,1.4476557288e+04,1.4766696910e+03,1.4081724166e+00,-3.1030502652e-27,-9.3091507957e-28,-9.3091507957e-28,1.0000033677e-04,3.5953585107e-14,1.0000002999e+00,1.4993503816e-22,1.0289467179e-27,1.4993555264e-22,-1.4993452369e-22,-1.4993555264e-22,-1.0289470265e-27,1.4993244959e-22,-1.4993545461e-22,-1.4993648355e-22,7.9599159362e-01
4.9567839196e+00,1.4639065158e+04,1.4766696910e+03,1.4095857679e+00,-3.1609966500e-27,-9.4829899500e-28,-9.4829899500e-28,1.0000034264e-04,3.6167361363e-14,1.0000002999e+00,1.4993506748e-22,1.0441815077e-27,1.4993558957e-22,-1.4993454539e-22,-1.4993558957e-22,-1.0441818209e-27,1.4993242858e-22,-1.4993549369e-22,-1.4993653787e-22,7.9825628548e-01
5.0118090452e+00,1.4801573029e+04,1.4766696910e+03,1.4109819301e+00,-3.2191370033e-27,-9.6574110098e-28,-9.6574110098e-28,1.0000034852e-04,3.6381775939e-14,1.0000002999e+00,1.4993509688e-22,1.0595306571e-27,1.4993562665e-22,-1.4993456712e-22,-1.4993562665e-22,-1.0595309749e-27,1.4993240751e-22,-1.4993553286e-22,-1.4993659239e-22,8.0047124881e-01
5.0668341709e+00,1.4964080899e+04,1.4766696910e+03,1.4123238517e+00,-3.2779237132e-27,-9.8337711397e-28,-9.8337711397e-28,1.0000035447e-04,3.6598218869e-14,1.0000002999e+00,1.4993512656e-22,1.0750772538e-27,1.4993566410e-22,-1.4993458902e-22,-1.4993566410e-22,-1.0750775762e-27,1.4993238618e-22,-1.4993557240e-22,-1.4993664748e-22,8.0263810374e-01
5.1218592965e+00,1.5126588770e+04,1.4766696910e+03,1.4136474323e+00,-3.3369457447e-27,-1.0010837234e-27,-1.0010837234e-27,1.0000036043e-04,3.6815353841e-14,1.0000002999e+00,1.4993515634e-22,1.0907456178e-27,1.4993570172e-22,-1.4993461097e-22,-1.4993570172e-22,-1.0907459449e-27,1.4993236477e-22,-1.4993561205e-22,-1.4993670280e-22,8.0475840078e-01
5.1768844221e+00,1.5289096640e+04,1.4766696910e+03,1.4149332123e+00,-3.3964527750e-27,-1.0189358325e-27,-1.0189358325e-27,1.0000036643e-04,3.7033915117e-14,1.0000002999e+00,1.4993518633e-22,1.1065810854e-27,1.4993573963e-22,-1.4993463304e-22,-1.4993573963e-22,-1.1065814173e-27,1.4993234317e-22,-1.4993565198e-22,-1.4993675856e-22,8.0683362454e-01
5.2319095477e+00,1.5451604511e+04,1.4766696910e+03,1.4161898561e+00,-3.4563620307e-27,-1.0369086092e-27,-1.0369086092e-27,1.0000037247e-04,3.7253585117e-14,1.0000002999e+00,1.4993521650e-22,1.1225670663e-27,1.4993577778e-22,-1.4993465522e-22,-1.4993577778e-22,-1.1225674029e-27,1.4993232142e-22,-1.4993569213e-22,-1.4993681469e-22,8.0886519714e-01
5.2869346734e+00,1.5614112381e+04,1.4766696910e+03,1.4174219768e+00,-3.5166098283e-27,-1.0549829485e-27,-1.0549829485e-27,1.0000037853e-04,3.7474188299e-14,1.0000002999e+00,1.4993524681e-22,1.1386949398e-27,1.4993581616e-22,-1.4993467747e-22,-1.4993581616e-22,-1.1386952813e-27,1.4993229955e-22,-1.4993573245e-22,-1.4993687114e-22,8.1085448151e-01
5.3419597990e+00,1.5776620252e+04,1.4766696910e+03,1.4186169094e+00,-3.5774096470e-27,-1.0732228941e-27,-1.0732228941e-27,1.0000038465e-04,3.7696217976e-14,1.0000002999e+00,1.4993527737e-22,1.1549966985e-27,1.4993585486e-22,-1.4993469987e-22,-1.4993585486e-22,-1.1549970449e-27,1.4993227746e-22,-1.4993577309e-22,-1.4993692809e-22,8.1280278444e-01
5.3969849246e+00,1.5939128122e+04,1.4766696910e+03,1.4197977348e+00,-3.6384188753e-27,-1.0915256626e-27,-1.0915256626e-27,1.0000039078e-04,3.7918788795e-14,1.0000002999e+00,1.4993530801e-22,1.1714201357e-27,1.4993589372e-22,-1.4993472230e-22,-1.4993589372e-22,-1.1714204869e-27,1.4993225530e-22,-1.4993581382e-22,-1.4993698525e-22,8.1471135940e-01
5.4520100503e+00,1.6101635993e+04,1.4766696910e+03,1.4209357932e+00,-3.7001102939e-27,-1.1100330882e-27,-1.1100330882e-27,1.0000039697e-04,3.8143012541e-14,1.0000002999e+00,1.4993533895e-22,1.1880356413e-27,1.4993593297e-22,-1.4993474493e-22,-1.4993593297e-22,-1.1880359975e-27,1.4993223286e-22,-1.4993585496e-22,-1.4993704300e-22,8.1658140928e-01
5.5070351759e+00,1.6264143863e+04,1.4766696910e+03,1.4220675747e+00,-3.7619018397e-27,-1.1285705519e-27,-1.1285705519e-27,1.0000040318e-04,3.8367478893e-14,1.0000002999e+00,1.4993536993e-22,1.2047574562e-27,1.4993597231e-22,-1.4993476755e-22,-1.4993597231e-22,-1.2047578175e-27,1.4993221041e-22,-1.4993589612e-22,-1.4993710088e-22,8.1841408888e-01
5.5620603015e+00,1.6426651734e+04,1.4766696910e+03,1.4231532354e+00,-3.8244834941e-27,-1.1473450482e-27,-1.1473450482e-27,1.0000040945e-04,3.8593740545e-14,1.0000002999e+00,1.4993540126e-22,1.2216845294e-27,1.4993601210e-22,-1.4993479042e-22,-1.4993601210e-22,-1.2216848957e-27,1.4993218762e-22,-1.4993593776e-22,-1.4993715945e-22,8.2021050730e-01
5.6170854271e+00,1.6589159604e+04,1.4766696910e+03,1.4242354944e+00,-3.8871267216e-27,-1.1661380165e-27,-1.1661380165e-27,1.0000041572e-04,3.8820135301e-14,1.0000002999e+00,1.4993543261e-22,1.2387137850e-27,1.4993605197e-22,-1.4993481325e-22,-1.4993605197e-22,-1.2387141565e-27,1.4993216484e-22,-1.4993597939e-22,-1.4993721811e-22,8.2197173018e-01
5.6721105528e+00,1.6751667475e+04,1.4766696910e+03,1.4252755227e+00,-3.9505464965e-27,-1.1851639490e-27,-1.1851639490e-27,1.0000042206e-04,3.9048185006e-14,1.0000002999e+00,1.4993546430e-22,1.2559435743e-27,1.4993609227e-22,-1.4993483633e-22,-1.4993609227e-22,-1.2559439509e-27,1.4993214173e-22,-1.4993602149e-22,-1.4993727744e-22,8.2369878184e-01
5.7271356784e+00,1.6914175345e+04,1.4766696910e+03,1.4263114080e+00,-4.0140480000e-27,-1.2042144000e-27,-1.2042144000e-27,1.0000042841e-04,3.9276398099e-14,1.0000002999e+00,1.4993549603e-22,1.2732799558e-27,1.4993613267e-22,-1.4993485939e-22,-1.4993613267e-22,-1.2732803376e-27,1.4993211862e-22,-1.4993606360e-22,-1.4993733688e-22,8.2539264719e-01
5.7821608040e+00,1.7076683216e+04,1.4766696910e+03,1.4273085305e+00,-4.0783141736e-27,-1.2234942521e-27,-1.2234942521e-27,1.0000043483e-04,3.9506139878e-14,1.0000002999e+00,1.4993552808e-22,1.2908126246e-27,1.4993617349e-22,-1.4993488268e-22,-1.4993617349e-22,-1.2908130117e-27,1.4993209518e-22,-1.4993610617e-22,-1.4993739699e-22,8.2705427367e-01
5.8371859296e+00,1.7239191086e+04,1.4766696910e+03,1.4283016755e+00,-4.1426644797e-27,-1.2427993439e-27,-1.2427993439e-27,1.0000044125e-04,3.9736039450e-14,1.0000002999e+00,1.4993556018e-22,1.3084538527e-27,1.4993621441e-22,-1.4993490595e-22,-1.4993621441e-22,-1.3084542451e-27,1.4993207174e-22,-1.4993614875e-22,-1.4993745721e-22,8.2868457300e-01
5.8922110553e+00,1.7401698957e+04,1.4766696910e+03,1.4292577501e+00,-4.2077989137e-27,-1.2623396741e-27,-1.2623396741e-27,1.0000044775e-04,3.9967409690e-14,1.0000002999e+00,1.4993559262e-22,1.3262912202e-27,1.4993625576e-22,-1.4993492947e-22,-1.4993625576e-22,-1.3262916180e-27,1.4993204796e-22,-1.4993619181e-22,-1.4993751810e-22,8.3028442284e-01
5.9472361809e+00,1.7564206828e+04,1.4766696910e+03,1.4302115160e+00,-4.2729856858e-27,-1.2818957057e-27,-1.2818957057e-27,1.0000045424e-04,4.0198872033e-14,1.0000002999e+00,1.4993562508e-22,1.3442349796e-27,1.4993629719e-22,-1.4993495296e-22,-1.4993629719e-22,-1.3442353828e-27,1.4993202421e-22,-1.4993623485e-22,-1.4993757909e-22,8.3185466836e-01
6.0022613065e+00,1.7726714698e+04,1.4766696910e+03,1.4311283144e+00,-4.3390105071e-27,-1.3017031521e-27,-1.3017031521e-27,1.0000046081e-04,4.0431809178e-14,1.0000002999e+00,1.4993565790e-22,1.3623786399e-27,1.4993633909e-22,-1.4993497671e-22,-1.4993633909e-22,-1.3623790484e-27,1.4993200008e-22,-1.4993627841e-22,-1.4993764079e-22,8.3339612374e-01
6.0572864322e+00,1.7889222569e+04,1.4766696910e+03,1.4320451128e+00,-4.4050353283e-27,-1.3215105985e-27,-1.3215105985e-27,1.0000046738e-04,4.0664746322e-14,1.0000002999e+00,1.4993569072e-22,1.3806244994e-27,1.4993638104e-22,-1.4993500041e-22,-1.4993638104e-22,-1.3806249134e-27,1.4993197600e-22,-1.4993632192e-22,-1.4993770255e-22,8.3490957359e-01
6.1123115578e+00,1.8051730439e+04,1.4766696910e+03,1.4329250216e+00,-4.4719560248e-27,-1.3415868074e-27,-1.3415868074e-27,1.0000047403e-04,4.0899162905e-14,1.0000002999e+00,1.4993572394e-22,1.3990739440e-27,1.4993642348e-22,-1.4993502440e-22,-1.4993642348e-22,-1.3990743636e-27,1.4993195152e-22,-1.4993636599e-22,-1.4993776506e-22,8.3639577424e-01
6.1673366834e+00,1.8214238310e+04,1.4766696910e+03,1.4338042339e+00,-4.5388936341e-27,-1.3616680902e-27,-1.3616680902e-27,1.0000048068e-04,4.1133607418e-14,1.0000002999e+00,1.4993575716e-22,1.4176293602e-27,1.4993646598e-22,-1.4993504835e-22,-1.4993646598e-22,-1.4176297854e-27,1.4993192708e-22,-1.4993641001e-22,-1.4993782764e-22,8.3785545506e-01
6.2223618090e+00,1.8376746180e+04,1.4766696910e+03,1.4346523573e+00,-4.6066396917e-27,-1.3819919075e-27,-1.3819919075e-27,1.0000048740e-04,4.1369304884e-14,1.0000002999e+00,1.4993579074e-22,1.4363760125e-27,1.4993650892e-22,-1.4993507255e-22,-1.4993650892e-22,-1.4363764432e-27,1.4993190228e-22,-1.4993645454e-22,-1.4993789092e-22,8.3928931960e-01
6.2773869347e+00,1.8539254051e+04,1.4766696910e+03,1.4354955960e+00,-4.6745127730e-27,-1.4023538319e-27,-1.4023538319e-27,1.0000049413e-04,4.1605199213e-14,1.0000002999e+00,1.4993582437e-22,1.4552420991e-27,1.4993655199e-22,-1.4993509675e-22,-1.4993655199e-22,-1.4552425355e-27,1.4993187748e-22,-1.4993649910e-22,-1.4993795434e-22,8.4069804675e-01
6.3324120603e+00,1.8701761921e+04,1.4766696910e+03,1.4363145152e+00,-4.7430627511e-27,-1.4229188253e-27,-1.4229188253e-27,1.0000050092e-04,4.1842078190e-14,1.0000002999e+00,1.4993585829e-22,1.4742835782e-27,1.4993659543e-22,-1.4993512115e-22,-1.4993659543e-22,-1.4742840203e-27,1.4993185237e-22,-1.4993654407e-22,-1.4993801835e-22,8.4208229179e-01
6.3874371859e+00,1.8864269792e+04,1.4766696910e+03,1.4371233188e+00,-4.8118942809e-27,-1.4435682843e-27,-1.4435682843e-27,1.0000050773e-04,4.2079366725e-14,1.0000002999e+00,1.4993589234e-22,1.4934612814e-27,1.4993663907e-22,-1.4993514561e-22,-1.4993663907e-22,-1.4934617293e-27,1.4993182718e-22,-1.4993658918e-22,-1.4993808264e-22,8.4344268744e-01
6.4424623116e+00,1.9026777662e+04,1.4766696910e+03,1.4379154160e+00,-4.8812233224e-27,-1.4643669967e-27,-1.4643669967e-27,1.0000051459e-04,4.2317334588e-14,1.0000002999e+00,1.4993592661e-22,1.5127952571e-27,1.4993668301e-22,-1.4993517021e-22,-1.4993668301e-22,-1.5127957108e-27,1.4993180178e-22,-1.4993663458e-22,-1.4993814737e-22,8.4477984478e-01
6.4974874372e+00,1.9189285533e+04,1.4766696910e+03,1.4386912533e+00,-4.9510365793e-27,-1.4853109738e-27,-1.4853109738e-27,1.0000052149e-04,4.2555963621e-14,1.0000002999e+00,1.4993596109e-22,1.5322853700e-27,1.4993672723e-22,-1.4993519494e-22,-1.4993672723e-22,-1.5322858296e-27,1.4993177619e-22,-1.4993668025e-22,-1.4993821254e-22,8.4609435421e-01
6.5525125628e+00,1.9351793403e+04,1.4766696910e+03,1.4394587258e+00,-5.0211162506e-27,-1.5063348752e-27,-1.5063348752e-27,1.0000052842e-04,4.2794934153e-14,1.0000002999e+00,1.4993599568e-22,1.5519095745e-27,1.4993677164e-22,-1.4993521973e-22,-1.4993677164e-22,-1.5519100399e-27,1.4993175052e-22,-1.4993672606e-22,-1.4993827797e-22,8.4738678630e-01
6.6075376884e+00,1.9514301274e+04,1.4766696910e+03,1.4402029987e+00,-5.0919348248e-27,-1.5275804474e-27,-1.5275804474e-27,1.0000053541e-04,4.3034851833e-14,1.0000002999e+00,1.4993603060e-22,1.5717127502e-27,1.4993681646e-22,-1.4993524474e-22,-1.4993681646e-22,-1.5717132215e-27,1.4993172452e-22,-1.4993677232e-22,-1.4993834404e-22,8.4865769260e-01
6.6625628141e+00,1.9676809144e+04,1.4766696910e+03,1.4409472716e+00,-5.1627533990e-27,-1.5488260197e-27,-1.5488260197e-27,1.0000054239e-04,4.3274769512e-14,1.0000002999e+00,1.4993606552e-22,1.5916267990e-27,1.4993686133e-22,-1.4993526970e-22,-1.4993686133e-22,-1.5916272762e-27,1.4993169858e-22,-1.4993681853e-22,-1.4993841016e-22,8.4990760644e-01
6.7175879397e+00,1.9839317015e+04,1.4766696910e+03,1.4416619194e+00,-5.2345807504e-27,-1.5703742251e-27,-1.5703742251e-27,1.0000054947e-04,4.3515901189e-14,1.0000002999e+00,1.4993610088e-22,1.6117417520e-27,1.4993690675e-22,-1.4993529501e-22,-1.4993690675e-22,-1.6117422353e-27,1.4993167217e-22,-1.4993686538e-22,-1.4993847712e-22,8.5113704369e-01
6.7726130653e+00,2.0001824885e+04,1.4766696910e+03,1.4423759666e+00,-5.3064285535e-27,-1.5919285661e-27,-1.5919285661e-27,1.0000055655e-04,4.3757057477e-14,1.0000002999e+00,1.4993613624e-22,1.6319708706e-27,1.4993695223e-22,-1.4993532026e-22,-1.4993695223e-22,-1.6319713600e-27,1.4993164580e-22,-1.4993691219e-22,-1.4993854416e-22,8.5234650343e-01
6.8276381910e+00,2.0164332756e+04,1.4766696910e+03,1.4430711601e+00,-5.3789624980e-27,-1.6136887494e-27,-1.6136887494e-27,1.0000056369e-04,4.3998989050e-14,1.0000002999e+00,1.4993617191e-22,1.6523706706e-27,1.4993699810e-22,-1.4993534573e-22,-1.4993699810e-22,-1.6523711661e-27,1.4993161914e-22,-1.4993695942e-22,-1.4993861179e-22,8.5353646868e-01
6.8826633166e+00,2.0326840626e+04,1.4766696910e+03,1.4437562601e+00,-5.4518637728e-27,-1.6355591319e-27,-1.6355591319e-27,1.0000057086e-04,4.4241335676e-14,1.0000002999e+00,1.4993620774e-22,1.6729152029e-27,1.4993704420e-22,-1.4993537129e-22,-1.4993704420e-22,-1.6729157046e-27,1.4993159234e-22,-1.4993700684e-22,-1.4993867976e-22,8.5470740700e-01
6.9376884422e+00,2.0489348497e+04,1.4766696910e+03,1.4444336601e+00,-5.5250644413e-27,-1.6575193324e-27,-1.6575193324e-27,1.0000057806e-04,4.4483999951e-14,1.0000002999e+00,1.4993624370e-22,1.6935977828e-27,1.4993709050e-22,-1.4993539691e-22,-1.4993709050e-22,-1.6935982907e-27,1.4993156544e-22,-1.4993705442e-22,-1.4993874802e-22,8.5585977111e-01
6.9927135678e+00,2.0651856367e+04,1.4766696910e+03,1.4450910341e+00,-5.5990437723e-27,-1.6797131317e-27,-1.6797131317e-27,1.0000058532e-04,4.4727490366e-14,1.0000002999e+00,1.4993628001e-22,1.7144579698e-27,1.4993713724e-22,-1.4993542278e-22,-1.4993713724e-22,-1.7144584839e-27,1.4993153819e-22,-1.4993710249e-22,-1.4993881695e-22,8.5699399950e-01
7.0477386935e+00,2.0814364238e+04,1.4766696910e+03,1.4457484081e+00,-5.6730231034e-27,-1.7019069310e-27,-1.7019069310e-27,1.0000059259e-04,4.4970980781e-14,1.0000002999e+00,1.4993631631e-22,1.7354333667e-27,1.4993718403e-22,-1.4993544859e-22,-1.4993718403e-22,-1.7354338871e-27,1.4993151100e-22,-1.4993715050e-22,-1.4993888593e-22,8.5811051693e-01
7.1027638191e+00,2.0976872108e+04,1.4766696910e+03,1.4463829816e+00,-5.7479493234e-27,-1.7243847970e-27,-1.7243847970e-27,1.0000059994e-04,4.5215414585e-14,1.0000002999e+00,1.4993635303e-22,1.7565973515e-27,1.4993723133e-22,-1.4993547473e-22,-1.4993723133e-22,-1.7565978783e-27,1.4993148338e-22,-1.4993719911e-22,-1.4993895571e-22,8.5920973504e-01
7.1577889447e+00,2.1139379979e+04,1.4766696910e+03,1.4470137963e+00,-5.8230316464e-27,-1.7469094939e-27,-1.7469094939e-27,1.0000060730e-04,4.5460003914e-14,1.0000002999e+00,1.4993638981e-22,1.7778898418e-27,1.4993727876e-22,-1.4993550087e-22,-1.4993727876e-22,-1.7778903750e-27,1.4993145573e-22,-1.4993724778e-22,-1.4993902567e-22,8.6029205279e-01
7.2128140704e+00,2.1301887849e+04,1.4766696910e+03,1.4476346187e+00,-5.8985570574e-27,-1.7695671172e-27,-1.7695671172e-27,1.0000061470e-04,4.5705007812e-14,1.0000002999e+00,1.4993642680e-22,1.7993315479e-27,1.4993732646e-22,-1.4993552713e-22,-1.4993732646e-22,-1.7993320875e-27,1.4993142790e-22,-1.4993729670e-22,-1.4993909603e-22,8.6135785697e-01
7.2678391960e+00,2.1464395720e+04,1.4766696910e+03,1.4482399888e+00,-5.9747676701e-27,-1.7924303010e-27,-1.7924303010e-27,1.0000062217e-04,4.5950652810e-14,1.0000002999e+00,1.4993646408e-22,1.8209411383e-27,1.4993737455e-22,-1.4993555361e-22,-1.4993737455e-22,-1.8209416843e-27,1.4993139978e-22,-1.4993734604e-22,-1.4993916698e-22,8.6240752264e-01
7.3228643216e+00,2.1626903591e+04,1.4766696910e+03,1.4488453589e+00,-6.0509782828e-27,-1.8152934848e-27,-1.8152934848e-27,1.0000062963e-04,4.6196297807e-14,1.0000002999e+00,1.4993650136e-22,1.8426685344e-27,1.4993742269e-22,-1.4993558003e-22,-1.4993742269e-22,-1.8426690870e-27,1.4993137172e-22,-1.4993739532e-22,-1.4993923799e-22,8.6344141362e-01
7.3778894472e+00,2.1789411461e+04,1.4766696910e+03,1.4494292869e+00,-6.1282038319e-27,-1.8384611496e-27,-1.8384611496e-27,1.0000063718e-04,4.6442834645e-14,1.0000002999e+00,1.4993653909e-22,1.8645854111e-27,1.4993747138e-22,-1.4993560680e-22,-1.4993747138e-22,-1.8645859703e-27,1.4993134318e-22,-1.4993744526e-22,-1.4993930984e-22,8.6445988285e-01
7.4329145729e+00,2.1951919332e+04,1.4766696910e+03,1.4500102779e+00,-6.2055684043e-27,-1.8616705213e-27,-1.8616705213e-27,1.0000064474e-04,4.6689493645e-14,1.0000002999e+00,1.4993657688e-22,1.8866310191e-27,1.4993752019e-22,-1.4993563356e-22,-1.4993752019e-22,-1.8866315848e-27,1.4993131463e-22,-1.4993749523e-22,-1.4993938186e-22,8.6546327283e-01
7.4879396985e+00,2.2114427202e+04,1.4766696910e+03,1.4505838398e+00,-6.2833082365e-27,-1.8849924710e-27,-1.8849924710e-27,1.0000065234e-04,4.6936462350e-14,1.0000002999e+00,1.4993661483e-22,1.9088208623e-27,1.4993756924e-22,-1.4993566042e-22,-1.4993756924e-22,-1.9088214347e-27,1.4993128593e-22,-1.4993754541e-22,-1.4993945424e-22,8.6645191598e-01
7.5429648241e+00,2.2276935073e+04,1.4766696910e+03,1.4511414699e+00,-6.3618528214e-27,-1.9085558464e-27,-1.9085558464e-27,1.0000066001e-04,4.7184095222e-14,1.0000002999e+00,1.4993665314e-22,1.9311844969e-27,1.4993761873e-22,-1.4993568755e-22,-1.4993761873e-22,-1.9311850760e-27,1.4993125688e-22,-1.4993759610e-22,-1.4993952729e-22,8.6742613504e-01
7.5979899497e+00,2.2439442943e+04,1.4766696910e+03,1.4516991000e+00,-6.4403974062e-27,-1.9321192219e-27,-1.9321192219e-27,1.0000066767e-04,4.7431728095e-14,1.0000002999e+00,1.4993669145e-22,1.9536683028e-27,1.4993766828e-22,-1.4993571461e-22,-1.4993766828e-22,-1.9536688887e-27,1.4993122789e-22,-1.4993764673e-22,-1.4993960040e-22,8.6838624339e-01
7.6530150754e+00,2.2601950814e+04,1.4766696910e+03,1.4522408969e+00,-6.5197952513e-27,-1.9559385754e-27,-1.9559385754e-27,1.0000067541e-04,4.7680022403e-14,1.0000002999e+00,1.4993673013e-22,1.9763271656e-27,1.4993771830e-22,-1.4993574197e-22,-1.4993771830e-22,-1.9763277583e-27,1.4993119850e-22,-1.4993769791e-22,-1.4993967423e-22,8.6933254539e-01
7.7080402010e+00,2.2764458684e+04,1.4766696910e+03,1.4527761398e+00,-6.5995462950e-27,-1.9798638885e-27,-1.9798638885e-27,1.0000068319e-04,4.7928590506e-14,1.0000002999e+00,1.4993676897e-22,1.9991298337e-27,1.4993776854e-22,-1.4993576941e-22,-1.4993776854e-22,-1.9991304332e-27,1.4993116899e-22,-1.4993774927e-22,-1.4993974840e-22,8.7026533672e-01
7.7630653266e+00,2.2926966555e+04,1.4766696910e+03,1.4533103899e+00,-6.6793544015e-27,-2.0038063205e-27,-2.0038063205e-27,1.0000069097e-04,4.8177200159e-14,1.0000002999e+00,1.4993680784e-22,2.0220572895e-27,1.4993781887e-22,-1.4993579681e-22,-1.4993781887e-22,-2.0220578958e-27,1.4993113951e-22,-1.4993780061e-22,-1.4993982267e-22,8.7118490468e-01
7.8180904523e+00,2.3089474425e+04,1.4766696910e+03,1.4538241763e+00,-6.7603387545e-27,-2.0281016264e-27,-2.0281016264e-27,1.0000069885e-04,4.8426666294e-14,1.0000002999e+00,1.4993684722e-22,2.0451784785e-27,1.4993786981e-22,-1.4993582463e-22,-1.4993786981e-22,-2.0451790918e-27,1.4993110947e-22,-1.4993785273e-22,-1.4993989791e-22,8.7209152847e-01
7.8731155779e+00,2.3251982296e+04,1.4766696910e+03,1.4543379627e+00,-6.8413231075e-27,-2.0523969323e-27,-2.0523969323e-27,1.0000070673e-04,4.8676132428e-14,1.0000002999e+00,1.4993688660e-22,2.0684219985e-27,1.4993792081e-22,-1.4993585239e-22,-1.4993792081e-22,-2.0684226188e-27,1.4993107949e-22,-1.4993790479e-22,-1.4993997321e-22,8.7298547950e-01
7.9281407035e+00,2.3414490166e+04,1.4766696910e+03,1.4548448774e+00,-6.9227286459e-27,-2.0768185938e-27,-2.0768185938e-27,1.0000071465e-04,4.8925886652e-14,1.0000002999e+00,1.4993692617e-22,2.0918125282e-27,1.4993797208e-22,-1.4993588026e-22,-1.4993797208e-22,-2.0918131555e-27,1.4993104935e-22,-1.4993795708e-22,-1.4994004889e-22,8.7386702161e-01
7.9831658291e+00,2.3576998037e+04,1.4766696910e+03,1.4553380975e+00,-7.0049735741e-27,-2.1014920722e-27,-2.1014920722e-27,1.0000072264e-04,4.9176215015e-14,1.0000002999e+00,1.4993696611e-22,2.1153751715e-27,1.4993802380e-22,-1.4993590842e-22,-1.4993802380e-22,-2.1153758059e-27,1.4993101882e-22,-1.4993800991e-22,-1.4994012529e-22,8.7473641142e-01
8.0381909548e+00,2.3739505907e+04,1.4766696910e+03,1.4558313176e+00,-7.0872185023e-27,-2.1261655507e-27,-2.1261655507e-27,1.0000073064e-04,4.9426543379e-14,1.0000002999e+00,1.4993700605e-22,2.1390611756e-27,1.4993807558e-22,-1.4993593651e-22,-1.4993807558e-22,-2.1390618171e-27,1.4993098836e-22,-1.4993806268e-22,-1.4994020174e-22,8.7559389847e-01
8.0932160804e+00,2.3902013778e+04,1.4766696910e+03,1.4563133037e+00,-7.1701975109e-27,-2.1510592533e-27,-2.1510592533e-27,1.0000073870e-04,4.9677343428e-14,1.0000002999e+00,1.4993704631e-22,2.1629116539e-27,1.4993812776e-22,-1.4993596485e-22,-1.4993812776e-22,-2.1629123025e-27,1.4993095757e-22,-1.4993811591e-22,-1.4994027882e-22,8.7643972556e-01
8.1482412060e+00,2.4064521648e+04,1.4766696910e+03,1.4567868089e+00,-7.2537307063e-27,-2.1761192119e-27,-2.1761192119e-27,1.0000074680e-04,4.9928499572e-14,1.0000002999e+00,1.4993708681e-22,2.1869172595e-27,1.4993818027e-22,-1.4993599335e-22,-1.4993818027e-22,-2.1869179153e-27,1.4993092654e-22,-1.4993816947e-22,-1.4994035639e-22,8.7727412889e-01
8.2032663317e+00,2.4227029519e+04,1.4766696910e+03,1.4572603140e+00,-7.3372639017e-27,-2.2011791705e-27,-2.2011791705e-27,1.0000075491e-04,5.0179655716e-14,1.0000002999e+00,1.4993712732e-22,2.2110472081e-27,1.4993823284e-22,-1.4993602180e-22,-1.4993823284e-22,-2.2110478711e-27,1.4993089558e-22,-1.4993822298e-22,-1.4994043402e-22,8.7809733836e-01
8.2582914573e+00,2.4389537389e+04,1.4766696910e+03,1.4577195992e+00,-7.4217875019e-27,-2.2265362506e-27,-2.2265362506e-27,1.0000076310e-04,5.0431409714e-14,1.0000002999e+00,1.4993716826e-22,2.2353545349e-27,1.4993828594e-22,-1.4993605059e-22,-1.4993828594e-22,-2.2353552053e-27,1.4993086415e-22,-1.4993827712e-22,-1.4994051248e-22,8.7890957770e-01
8.3133165829e+00,2.4552045260e+04,1.4766696910e+03,1.4581742038e+00,-7.5066370940e-27,-2.2519911282e-27,-2.2519911282e-27,1.0000077133e-04,5.0683360497e-14,1.0000002999e+00,1.4993720935e-22,2.2598044499e-27,1.4993833925e-22,-1.4993607945e-22,-1.4993833925e-22,-2.2598051276e-27,1.4993083262e-22,-1.4993833144e-22,-1.4994059124e-22,8.7971106477e-01
8.3683417085e+00,2.4714553130e+04,1.4766696910e+03,1.4586288084e+00,-7.5914866861e-27,-2.2774460058e-27,-2.2774460058e-27,1.0000077955e-04,5.0935311281e-14,1.0000002999e+00,1.4993725044e-22,2.2843796450e-27,1.4993839263e-22,-1.4993610825e-22,-1.4993839263e-22,-2.2843803301e-27,1.4993080114e-22,-1.4993838569e-22,-1.4994067007e-22,8.8050201165e-01
8.4233668342e+00,2.4877061001e+04,1.4766696910e+03,1.4590674530e+00,-7.6775208254e-27,-2.3032562476e-27,-2.3032562476e-27,1.0000078788e-04,5.1187933846e-14,1.0000002999e+00,1.4993729205e-22,2.3091407625e-27,1.4993844662e-22,-1.4993613748e-22,-1.4993844662e-22,-2.3091414549e-27,1.4993076910e-22,-1.4993844073e-22,-1.4994074988e-22,8.8128262491e-01
8.4783919598e+00,2.5039568871e+04,1.4766696910e+03,1.4595039362e+00,-7.7637153925e-27,-2.3291146177e-27,-2.3291146177e-27,1.0000079622e-04,5.1440647393e-14,1.0000002999e+00,1.4993733373e-22,2.3340361853e-27,1.4993850075e-22,-1.4993616671e-22,-1.4993850075e-22,-2.3340368853e-27,1.4993073703e-22,-1.4993849583e-22,-1.4994082986e-22,8.8205310574e-01
8.5334170854e+00,2.5202076742e+04,1.4766696910e+03,1.4599404194e+00,-7.8499099595e-27,-2.3549729879e-27,-2.3549729879e-27,1.0000080456e-04,5.1693360940e-14,1.0000002999e+00,1.4993737541e-22,2.3590577834e-27,1.4993855494e-22,-1.4993619588e-22,-1.4993855494e-22,-2.3590584909e-27,1.4993070503e-22,-1.4993855086e-22,-1.4994090991e-22,8.8281365015e-01
8.5884422111e+00,2.5364584613e+04,1.4766696910e+03,1.4603603284e+00,-7.9374151410e-27,-2.3812245423e-27,-2.3812245423e-27,1.0000081302e-04,5.1946772819e-14,1.0000002999e+00,1.4993741767e-22,2.3842696906e-27,1.4993860981e-22,-1.4993622554e-22,-1.4993860981e-22,-2.3842704056e-27,1.4993067239e-22,-1.4993860676e-22,-1.4994099103e-22,8.8356444912e-01
8.6434673367e+00,2.5527092483e+04,1.4766696910e+03,1.4607794356e+00,-8.0249837215e-27,-2.4074951165e-27,-2.4074951165e-27,1.0000082149e-04,5.2200218479e-14,1.0000002999e+00,1.4993745996e-22,2.4096116834e-27,1.4993866477e-22,-1.4993625516e-22,-1.4993866477e-22,-2.4096124060e-27,1.4993063978e-22,-1.4993866265e-22,-1.4994107226e-22,8.8430568879e-01
8.6984924623e+00,2.5689600354e+04,1.4766696910e+03,1.4611985428e+00,-8.1125523020e-27,-2.4337656906e-27,-2.4337656906e-27,1.0000082995e-04,5.2453664138e-14,1.0000002999e+00,1.4993750225e-22,2.4350807062e-27,1.4993871979e-22,-1.4993628471e-22,-1.4993871979e-22,-2.4350814365e-27,1.4993060724e-22,-1.4993871848e-22,-1.4994115356e-22,8.8503755055e-01
8.7535175879e+00,2.5852108224e+04,1.4766696910e+03,1.4616014755e+00,-8.2014833003e-27,-2.4604449901e-27,-2.4604449901e-27,1.0000083854e-04,5.2707791861e-14,1.0000002999e+00,1.4993754514e-22,2.4607404722e-27,1.4993877551e-22,-1.4993631477e-22,-1.4993877551e-22,-2.4607412102e-27,1.4993057403e-22,-1.4993877522e-22,-1.4994123596e-22,8.8576021126e-01
8.8085427136e+00,2.6014616095e+04,1.4766696910e+03,1.4620039202e+00,-8.2904554044e-27,-2.4871366213e-27,-2.4871366213e-27,1.0000084712e-04,5.2961940162e-14,1.0000002999e+00,1.4993758805e-22,2.4865299707e-27,1.4993883132e-22,-1.4993634479e-22,-1.4993883132e-22,-2.4865307164e-27,1.4993054086e-22,-1.4993883192e-22,-1.4994131845e-22,8.8647384334e-01
8.8635678392e+00,2.6177123965e+04,1.4766696910e+03,1.4624063649e+00,-8.3794275085e-27,-2.5138282525e-27,-2.5138282525e-27,1.0000085571e-04,5.3216088463e-14,1.0000002999e+00,1.4993763096e-22,2.5124473163e-27,1.4993888718e-22,-1.4993637474e-22,-1.4993888718e-22,-2.5124480697e-27,1.4993050776e-22,-1.4993888856e-22,-1.4994140101e-22,8.8717861496e-01
8.9185929648e+00,2.6339631836e+04,1.4766696910e+03,1.4627939452e+00,-8.4697330702e-27,-2.5409199210e-27,-2.5409199210e-27,1.0000086442e-04,5.3470864010e-14,1.0000002999e+00,1.4993767446e-22,2.5385520909e-27,1.4993894374e-22,-1.4993640518e-22,-1.4993894374e-22,-2.5385528522e-27,1.4993047400e-22,-1.4993894610e-22,-1.4994148466e-22,8.8787469011e-01
8.9736180905e+00,2.6502139706e+04,1.4766696910e+03,1.4631804102e+00,-8.5601386915e-27,-2.5680416075e-27,-2.5680416075e-27,1.0000087313e-04,5.3725686624e-14,1.0000002999e+00,1.4993771800e-22,2.5647899149e-27,1.4993900040e-22,-1.4993643561e-22,-1.4993900040e-22,-2.5647906840e-27,1.4993044026e-22,-1.4993900365e-22,-1.4994156844e-22,8.8856222875e-01
9.0286432161e+00,2.6664647577e+04,1.4766696910e+03,1.4635668751e+00,-8.6505443129e-27,-2.5951632939e-27,-2.5951632939e-27,1.0000088185e-04,5.3980509238e-14,1.0000002999e+00,1.4993776155e-22,2.5911563671e-27,1.4993905713e-22,-1.4993646597e-22,-1.4993905713e-22,-2.5911571441e-27,1.4993040658e-22,-1.4993906113e-22,-1.4994165229e-22,8.8924138699e-01
9.0836683417e+00,2.6827155447e+04,1.4766696910e+03,1.4639406007e+00,-8.7421668423e-27,-2.6226500527e-27,-2.6226500527e-27,1.0000089067e-04,5.4235869720e-14,1.0000002999e+00,1.4993780563e-22,2.6177033904e-27,1.4993911448e-22,-1.4993649678e-22,-1.4993911448e-22,-2.6177041754e-27,1.4993037231e-22,-1.4993911943e-22,-1.4994173713e-22,8.8991231710e-01
9.1386934673e+00,2.6989663318e+04,1.4766696910e+03,1.4643117395e+00,-8.8340364701e-27,-2.6502109410e-27,-2.6502109410e-27,1.0000089952e-04,5.4491339418e-14,1.0000002999e+00,1.4993784982e-22,2.6443902527e-27,1.4993917202e-22,-1.4993652763e-22,-1.4993917202e-22,-2.6443910457e-27,1.4993033798e-22,-1.4993917784e-22,-1.4994182223e-22,8.9057516771e-01
9.1937185930e+00,2.7152171188e+04,1.4766696910e+03,1.4646828782e+00,-8.9259060979e-27,-2.6777718294e-27,-2.6777718294e-27,1.0000090836e-04,5.4746809117e-14,1.0000002999e+00,1.4993789401e-22,2.6712064901e-27,1.4993922962e-22,-1.4993655841e-22,-1.4993922962e-22,-2.6712072912e-27,1.4993030371e-22,-1.4993923618e-22,-1.4994190739e-22,8.9123008390e-01
9.2487437186e+00,2.7314679059e+04,1.4766696910e+03,1.4650441288e+00,-9.0187813266e-27,-2.7056343980e-27,-2.7056343980e-27,1.0000091729e-04,5.5002696472e-14,1.0000002999e+00,1.4993793865e-22,2.6981930999e-27,1.4993928775e-22,-1.4993658955e-22,-1.4993928775e-22,-2.6981939090e-27,1.4993026897e-22,-1.4993929519e-22,-1.4994199338e-22,8.9187720728e-01
9.3037688442e+00,2.7477186929e+04,1.4766696910e+03,1.4654005671e+00,-9.1121459572e-27,-2.7336437872e-27,-2.7336437872e-27,1.0000092627e-04,5.5258787090e-14,1.0000002999e+00,1.4993798351e-22,2.7253296150e-27,1.4993934617e-22,-1.4993662084e-22,-1.4993934617e-22,-2.7253304323e-27,1.4993023402e-22,-1.4993935448e-22,-1.4994207981e-22,8.9251667612e-01
9.3587939698e+00,2.7639694800e+04,1.4766696910e+03,1.4657570053e+00,-9.2055105878e-27,-2.7616531764e-27,-2.7616531764e-27,1.0000093525e-04,5.5514877708e-14,1.0000002999e+00,1.4993802836e-22,2.7525962196e-27,1.4993940466e-22,-1.4993665206e-22,-1.4993940466e-22,-2.7525970451e-27,1.4993019915e-22,-1.4993941371e-22,-1.4994216631e-22,8.9314862543e-01
9.4138190955e+00,2.7802202670e+04,1.4766696910e+03,1.4661070510e+00,-9.2995672282e-27,-2.7898701685e-27,-2.7898701685e-27,1.0000094429e-04,5.5771238408e-14,1.0000002999e+00,1.4993807352e-22,2.7800198580e-27,1.4993946353e-22,-1.4993668351e-22,-1.4993946353e-22,-2.7800206917e-27,1.4993016396e-22,-1.4993947338e-22,-1.4994225340e-22,8.9377318707e-01
9.4688442211e+00,2.7964710541e+04,1.4766696910e+03,1.4664493878e+00,-9.3944583776e-27,-2.8183375133e-27,-2.8183375133e-27,1.0000095340e-04,5.6027924805e-14,1.0000002999e+00,1.4993811905e-22,2.8076065497e-27,1.4993952286e-22,-1.4993671525e-22,-1.4993952286e-22,-2.8076073917e-27,1.4993012840e-22,-1.4993953359e-22,-1.4994234119e-22,8.9439048984e-01
9.5238693467e+00,2.8127218411e+04,1.4766696910e+03,1.4667917246e+00,-9.4893495271e-27,-2.8468048581e-27,-2.8468048581e-27,1.0000096251e-04,5.6284611203e-14,1.0000002999e+00,1.4993816458e-22,2.8353240145e-27,1.4993958224e-22,-1.4993674692e-22,-1.4993958224e-22,-2.8353248648e-27,1.4993009290e-22,-1.4993959372e-22,-1.4994242905e-22,8.9500065954e-01
9.5788944724e+00,2.8289726282e+04,1.4766696910e+03,1.4671317333e+00,-9.5845089078e-27,-2.8753526723e-27,-2.8753526723e-27,1.0000097165e-04,5.6541395978e-14,1.0000002999e+00,1.4993821023e-22,2.8631822331e-27,1.4993964182e-22,-1.4993677864e-22,-1.4993964182e-22,-2.8631830917e-27,1.4993005731e-22,-1.4993965399e-22,-1.4994251718e-22,8.9560381912e-01
9.6339195980e+00,2.8452234152e+04,1.4766696910e+03,1.4674605422e+00,-9.6809586240e-27,-2.9042875872e-27,-2.9042875872e-27,1.0000098090e-04,5.6798654004e-14,1.0000002999e+00,1.4993825645e-22,2.8912195421e-27,1.4993970206e-22,-1.4993681084e-22,-1.4993970206e-22,-2.8912204091e-27,1.4993002111e-22,-1.4993971513e-22,-1.4994260635e-22,8.9620008867e-01
9.6889447236e+00,2.8614742023e+04,1.4766696910e+03,1.4677893512e+00,-9.7774083402e-27,-2.9332225021e-27,-2.9332225021e-27,1.0000099015e-04,5.7055912029e-14,1.0000002999e+00,1.4993830268e-22,2.9193882782e-27,1.4993976237e-22,-1.4993684298e-22,-1.4993976237e-22,-2.9193891537e-27,1.4992998496e-22,-1.4993977620e-22,-1.4994269559e-22,8.9678958560e-01
9.7439698492e+00,2.8777249893e+04,1.4766696910e+03,1.4681181601e+00,-9.8738580565e-27,-2.9621574169e-27,-2.9621574169e-27,1.0000099940e-04,5.7313170055e-14,1.0000002999e+00,1.4993834890e-22,2.9476884574e-27,1.4993982274e-22,-1.4993687505e-22,-1.4993982274e-22,-2.9476893414e-27,1.4992994889e-22,-1.4993983721e-22,-1.4994278490e-22,8.9737242464e-01
9.7989949749e+00,2.8939757764e+04,1.4766696910e+03,1.4684362257e+00,-9.9716248999e-27,-2.9914874700e-27,-2.9914874700e-27,1.0000100877e-04,5.7570882058e-14,1.0000002999e+00,1.4993839571e-22,2.9761670324e-27,1.4993988379e-22,-1.4993690762e-22,-1.4993988379e-22,-2.9761679249e-27,1.4992991216e-22,-1.4993989911e-22,-1.4994287528e-22,8.9794871795e-01
9.8540201005e+00,2.9102265634e+04,1.4766696910e+03,1.4687520562e+00,-1.0069665775e-26,-3.0208997326e-27,-3.0208997326e-27,1.0000101816e-04,5.7828688513e-14,1.0000002999e+00,1.4993844263e-22,3.0047873761e-27,1.4993994503e-22,-1.4993694024e-22,-1.4993994503e-22,-3.0047882772e-27,1.4992987536e-22,-1.4993996114e-22,-1.4994296593e-22,8.9851857518e-01
9.9090452261e+00,2.9264773505e+04,1.4766696910e+03,1.4690678866e+00,-1.0167706651e-26,-3.0503119952e-27,-3.0503119952e-27,1.0000102756e-04,5.8086494968e-14,1.0000002999e+00,1.4993848956e-22,3.0335397877e-27,1.4994000633e-22,-1.4993697279e-22,-1.4994000633e-22,-3.0335406974e-27,1.4992983863e-22,-1.4994002310e-22,-1.4994305664e-22,8.9908210355e-01
9.9640703518e+00,2.9427281376e+04,1.4766696910e+03,1.4693784977e+00,-1.0266428345e-26,-3.0799285034e-27,-3.0799285034e-27,1.0000103701e-04,5.8344521955e-14,1.0000002999e+00,1.4993853679e-22,3.0624474324e-27,1.4994006802e-22,-1.4993700557e-22,-1.4994006802e-22,-3.0624483508e-27,1.4992980159e-22,-1.4994008550e-22,-1.4994314795e-22,8.9963940792e-01
1.0019095477e+01,2.9589789246e+04,1.4766696910e+03,1.4696818757e+00,-1.0366093529e-26,-3.1098280586e-27,-3.1098280586e-27,1.0000104655e-04,5.8602854558e-14,1.0000002999e+00,1.4993858444e-22,3.0915196512e-27,1.4994013020e-22,-1.4993703868e-22,-1.4994013020e-22,-3.0915205783e-27,1.4992976411e-22,-1.4994014851e-22,-1.4994324003e-22,9.0019059083e-01
1.0074120603e+01,2.9752297117e+04,1.4766696910e+03,1.4699852538e+00,-1.0465758712e-26,-3.1397276137e-27,-3.1397276137e-27,1.0000105608e-04,5.8861187161e-14,1.0000002999e+00,1.4993863209e-22,3.1207245360e-27,1.4994019245e-22,-1.4993707173e-22,-1.4994019245e-22,-3.1207254719e-27,1.4992972670e-22,-1.4994021146e-22,-1.4994333218e-22,9.0073575259e-01
1.0129145729e+01,2.9914804987e+04,1.4766696911e+03,1.4702886318e+00,-1.0565423896e-26,-3.1696271689e-27,-3.1696271689e-27,1.0000106562e-04,5.9119519765e-14,1.0000002999e+00,1.4993867974e-22,3.1500621001e-27,1.4994025477e-22,-1.4993710471e-22,-1.4994025477e-22,-3.1500630447e-27,1.4992968935e-22,-1.4994027434e-22,-1.4994342440e-22,9.0127499132e-01
1.0184170854e+01,3.0077312858e+04,1.4766696911e+03,1.4705807191e+00,-1.0666655851e-26,-3.1999967552e-27,-3.1999967552e-27,1.0000107529e-04,5.9378329339e-14,1.0000002999e+00,1.4993872809e-22,3.1795834377e-27,1.4994031788e-22,-1.4993713829e-22,-1.4994031788e-22,-3.1795843912e-27,1.4992965122e-22,-1.4994033829e-22,-1.4994351788e-22,9.0180840303e-01
1.0239195980e+01,3.0239820728e+04,1.4766696911e+03,1.4708721487e+00,-1.0767979062e-26,-3.2303937187e-27,-3.2303937187e-27,1.0000108498e-04,5.9637166695e-14,1.0000002999e+00,1.4993877647e-22,3.2092409748e-27,1.4994038109e-22,-1.4993717185e-22,-1.4994038109e-22,-3.2092419372e-27,1.4992961311e-22,-1.4994040225e-22,-1.4994361149e-22,9.0233608166e-01
1.0294221106e+01,3.0402328599e+04,1.4766696911e+03,1.4711635783e+00,-1.0869302274e-26,-3.2607906822e-27,-3.2607906822e-27,1.0000109466e-04,5.9896004050e-14,1.0000002999e+00,1.4993882486e-22,3.2390317630e-27,1.4994044437e-22,-1.4993720534e-22,-1.4994044437e-22,-3.2390327343e-27,1.4992957507e-22,-1.4994046613e-22,-1.4994370517e-22,9.0285811916e-01
1.0349246231e+01,3.0564836469e+04,1.4766696911e+03,1.4714503761e+00,-1.0971309133e-26,-3.2913927398e-27,-3.2913927398e-27,1.0000110441e-04,6.0155037011e-14,1.0000002999e+00,1.4993887355e-22,3.2689770735e-27,1.4994050804e-22,-1.4993723906e-22,-1.4994050804e-22,-3.2689780538e-27,1.4992953673e-22,-1.4994053045e-22,-1.4994379943e-22,9.0337460549e-01
1.0404271357e+01,3.0727344340e+04,1.4766696911e+03,1.4717303401e+00,-1.1074324674e-26,-3.3222974023e-27,-3.3222974023e-27,1.0000111424e-04,6.0414358574e-14,1.0000002999e+00,1.4993892269e-22,3.2990873855e-27,1.4994057223e-22,-1.4993727314e-22,-1.4994057223e-22,-3.2990883749e-27,1.4992949791e-22,-1.4994059544e-22,-1.4994389453e-22,9.0388562873e-01
1.0459296482e+01,3.0889852210e+04,1.4766696911e+03,1.4720103041e+00,-1.1177340216e-26,-3.3532020648e-27,-3.3532020648e-27,1.0000112408e-04,6.0673680138e-14,1.0000002999e+00,1.4993897182e-22,3.3293314964e-27,1.4994063649e-22,-1.4993730716e-22,-1.4994063649e-22,-3.3293324949e-27,1.4992945915e-22,-1.4994066036e-22,-1.4994398969e-22,9.0439127510e-01
1.0514321608e+01,3.1052360081e+04,1.4766696911e+03,1.4722902681e+00,-1.1280355758e-26,-3.3841067273e-27,-3.3841067273e-27,1.0000113391e-04,6.0933001701e-14,1.0000002999e+00,1.4993902096e-22,3.3597094171e-27,1.4994070082e-22,-1.4993734111e-22,-1.4994070082e-22,-3.3597104247e-27,1.4992942046e-22,-1.4994072521e-22,-1.4994408492e-22,9.0489162903e-01
1.0569346734e+01,3.1214867951e+04,1.4766696911e+03,1.4725614859e+00,-1.1384744241e-26,-3.4154232723e-27,-3.4154232723e-27,1.0000114387e-04,6.1192692474e-14,1.0000002999e+00,1.4993907071e-22,3.3902620689e-27,1.4994076584e-22,-1.4993737558e-22,-1.4994076584e-22,-3.3902630855e-27,1.4992938110e-22,-1.4994079100e-22,-1.4994418127e-22,9.0538677316e-01
1.0624371859e+01,3.1377375822e+04,1.4766696911e+03,1.4728304467e+00,-1.1489487011e-26,-3.4468461033e-27,-3.4468461033e-27,1.0000115386e-04,6.1452478522e-14,1.0000002999e+00,1.4993912062e-22,3.4209595506e-27,1.4994083110e-22,-1.4993741014e-22,-1.4994083110e-22,-3.4209605764e-27,1.4992934161e-22,-1.4994085698e-22,-1.4994427794e-22,9.0587678846e-01
1.0679396985e+01,3.1539883692e+04,1.4766696911e+03,1.4730994076e+00,-1.1594229781e-26,-3.4782689343e-27,-3.4782689343e-27,1.0000116385e-04,6.1712264569e-14,1.0000002999e+00,1.4993917052e-22,3.4517913659e-27,1.4994089642e-22,-1.4993744463e-22,-1.4994089642e-22,-3.4517924011e-27,1.4992930219e-22,-1.4994092290e-22,-1.4994437469e-22,9.0636175419e-01
1.0734422111e+01,3.1702391563e+04,1.4766696911e+03,1.4733671394e+00,-1.1699177719e-26,-3.5097533157e-27,-3.5097533157e-27,1.0000117385e-04,6.1972102474e-14,1.0000002999e+00,1.4993922052e-22,3.4827633536e-27,1.4994096190e-22,-1.4993747914e-22,-1.4994096190e-22,-3.4827643980e-27,1.4992926272e-22,-1.4994098889e-22,-1.4994447166e-22,9.0684174800e-01
1.0789447236e+01,3.1864899433e+04,1.4766696911e+03,1.4736255404e+00,-1.1805683225e-26,-3.5417049675e-27,-3.5417049675e-27,1.0000118400e-04,6.2232334070e-14,1.0000002999e+00,1.4993927121e-22,3.5139142085e-27,1.4994102817e-22,-1.4993751425e-22,-1.4994102817e-22,-3.5139152622e-27,1.4992922248e-22,-1.4994105596e-22,-1.4994456987e-22,9.0731684598e-01
1.0844472362e+01,3.2027407304e+04,1.4766696911e+03,1.4738839413e+00,-1.1912188731e-26,-3.5736566194e-27,-3.5736566194e-27,1.0000119414e-04,6.2492565666e-14,1.0000002999e+00,1.4993932190e-22,3.5451998989e-27,1.4994109450e-22,-1.4993754930e-22,-1.4994109450e-22,-3.5452009620e-27,1.4992918231e-22,-1.4994112296e-22,-1.4994466816e-22,9.0778712263e-01
1.0899497487e+01,3.2189915174e+04,1.4766696911e+03,1.4741423423e+00,-1.2018694238e-26,-3.6056082713e-27,-3.6056082713e-27,1.0000120429e-04,6.2752797262e-14,1.0000002999e+00,1.4993937259e-22,3.5766204341e-27,1.4994116090e-22,-1.4993758428e-22,-1.4994116090e-22,-3.5766215066e-27,1.4992914221e-22,-1.4994118989e-22,-1.4994476651e-22,9.0825265099e-01
1.0954522613e+01,3.2352423045e+04,1.4766696911e+03,1.4743970220e+00,-1.2125860223e-26,-3.6377580668e-27,-3.6377580668e-27,1.0000121449e-04,6.3013185774e-14,1.0000002999e+00,1.4993942357e-22,3.6081937933e-27,1.4994122767e-22,-1.4993761948e-22,-1.4994122767e-22,-3.6081948753e-27,1.4992910181e-22,-1.4994125724e-22,-1.4994486543e-22,9.0871350260e-01
1.1009547739e+01,3.2514930915e+04,1.4766696911e+03,1.4746452877e+00,-1.2234164596e-26,-3.6702493789e-27,-3.6702493789e-27,1.0000122480e-04,6.3273844744e-14,1.0000002999e+00,1.4993947507e-22,3.6399332986e-27,1.4994129503e-22,-1.4993765510e-22,-1.4994129503e-22,-3.6399343901e-27,1.4992906087e-22,-1.4994132535e-22,-1.4994496528e-22,9.0916974759e-01
1.1064572864e+01,3.2677438786e+04,1.4766696911e+03,1.4748935535e+00,-1.2342468970e-26,-3.7027406910e-27,-3.7027406910e-27,1.0000123510e-04,6.3534503713e-14,1.0000002999e+00,1.4993952656e-22,3.6718081289e-27,1.4994136246e-22,-1.4993769065e-22,-1.4994136246e-22,-3.6718092300e-27,1.4992901999e-22,-1.4994139339e-22,-1.4994506520e-22,9.0962145468e-01
1.1119597990e+01,3.2839946656e+04,1.4766696911e+03,1.4751418192e+00,-1.2450773343e-26,-3.7352320030e-27,-3.7352320030e-27,1.0000124541e-04,6.3795162683e-14,1.0000002999e+00,1.4993957805e-22,3.7038182926e-27,1.4994142996e-22,-1.4993772614e-22,-1.4994142996e-22,-3.7038194033e-27,1.4992897918e-22,-1.4994146137e-22,-1.4994516519e-22,9.1006869125e-01
1.1174623116e+01,3.3002454527e+04,1.4766696911e+03,1.4753847750e+00,-1.2560079676e-26,-3.7680239027e-27,-3.7680239027e-27,1.0000125580e-04,6.4056045407e-14,1.0000002999e+00,1.4993962998e-22,3.7359898981e-27,1.4994149798e-22,-1.4993776199e-22,-1.4994149798e-22,-3.7359910185e-27,1.4992893790e-22,-1.4994153001e-22,-1.4994526600e-22,9.1051152333e-01
1.1229648241e+01,3.3164962398e+04,1.4766696911e+03,1.4756233125e+00,-1.2670219684e-26,-3.8010659053e-27,-3.8010659053e-27,1.0000126627e-04,6.4317114306e-14,1.0000002999e+00,1.4993968229e-22,3.7683189067e-27,1.4994156645e-22,-1.4993779813e-22,-1.4994156645e-22,-3.7683200368e-27,1.4992889623e-22,-1.4994159920e-22,-1.4994536752e-22,9.1095001566e-01
1.1284673367e+01,3.3327470268e+04,1.4766696911e+03,1.4758618501e+00,-1.2780359693e-26,-3.8341079079e-27,-3.8341079079e-27,1.0000127674e-04,6.4578183205e-14,1.0000002999e+00,1.4993973460e-22,3.8007837083e-27,1.4994163499e-22,-1.4993783421e-22,-1.4994163499e-22,-3.8007848481e-27,1.4992885463e-22,-1.4994166831e-22,-1.4994546910e-22,9.1138423174e-01
1.1339698492e+01,3.3489978139e+04,1.4766696911e+03,1.4761003876e+00,-1.2890499702e-26,-3.8671499105e-27,-3.8671499105e-27,1.0000128721e-04,6.4839252104e-14,1.0000002999e+00,1.4993978691e-22,3.8333843104e-27,1.4994170360e-22,-1.4993787021e-22,-1.4994170360e-22,-3.8333854599e-27,1.4992881310e-22,-1.4994173736e-22,-1.4994557075e-22,9.1181423380e-01
1.1394723618e+01,3.3652486009e+04,1.4766696911e+03,1.4763328458e+00,-1.3001859118e-26,-3.9005577355e-27,-3.9005577355e-27,1.0000129779e-04,6.5100576979e-14,1.0000002999e+00,1.4993983976e-22,3.8661511239e-27,1.4994177283e-22,-1.4993790668e-22,-1.4994177283e-22,-3.8661522834e-27,1.4992877098e-22,-1.4994180724e-22,-1.4994567339e-22,9.1224008291e-01
1.1449748744e+01,3.3814993880e+04,1.4766696911e+03,1.4765620453e+00,-1.3113872181e-26,-3.9341616544e-27,-3.9341616544e-27,1.0000130842e-04,6.5362039066e-14,1.0000002999e+00,1.4993989290e-22,3.8990703953e-27,1.4994184244e-22,-1.4993794336e-22,-1.4994184244e-22,-3.8990715646e-27,1.4992872856e-22,-1.4994187753e-22,-1.4994577660e-22,9.1266183893e-01
1.1504773869e+01,3.3977501750e+04,1.4766696911e+03,1.4767912448e+00,-1.3225885244e-26,-3.9677655732e-27,-3.9677655732e-27,1.0000131906e-04,6.5623501153e-14,1.0000002999e+00,1.4993994604e-22,3.9321259072e-27,1.4994191211e-22,-1.4993797998e-22,-1.4994191211e-22,-3.9321270864e-27,1.4992868622e-22,-1.4994194774e-22,-1.4994587987e-22,9.1307956059e-01
1.1559798995e+01,3.4140009621e+04,1.4766696911e+03,1.4770204442e+00,-1.3337898307e-26,-4.0013694920e-27,-4.0013694920e-27,1.0000132970e-04,6.5884963241e-14,1.0000002999e+00,1.4993999918e-22,3.9653176666e-27,1.4994198184e-22,-1.4993801653e-22,-1.4994198184e-22,-3.9653188557e-27,1.4992864395e-22,-1.4994201790e-22,-1.4994598321e-22,9.1349330551e-01
1.1614824121e+01,3.4302517491e+04,1.4766696911e+03,1.4772435362e+00,-1.3451213462e-26,-4.0353640385e-27,-4.0353640385e-27,1.0000134045e-04,6.6146682269e-14,1.0000002999e+00,1.4994005291e-22,3.9986767452e-27,1.4994205225e-22,-1.4993805357e-22,-1.4994205225e-22,-3.9986779443e-27,1.4992860103e-22,-1.4994208893e-22,-1.4994608761e-22,9.1390313020e-01
1.1669849246e+01,3.4465025362e+04,1.4766696911e+03,1.4774637715e+00,-1.3565137662e-26,-4.0695412987e-27,-4.0695412987e-27,1.0000135126e-04,6.6408521480e-14,1.0000002999e+00,1.4994010690e-22,4.0321869526e-27,1.4994212300e-22,-1.4993809081e-22,-1.4994212300e-22,-4.0321881618e-27,1.4992855786e-22,-1.4994216035e-22,-1.4994619254e-22,9.1430909012e-01
1.1724874372e+01,3.4627533232e+04,1.4766696911e+03,1.4776840068e+00,-1.3679061863e-26,-4.1037185589e-27,-4.1037185589e-27,1.0000136206e-04,6.6670360691e-14,1.0000002999e+00,1.4994016089e-22,4.0658338287e-27,1.4994219381e-22,-1.4993812798e-22,-1.4994219381e-22,-4.0658350480e-27,1.4992851475e-22,-1.4994223170e-22,-1.4994629753e-22,9.1471123969e-01
1.1779899497e+01,3.4790041103e+04,1.4766696911e+03,1.4779042421e+00,-1.3792986064e-26,-4.1378958192e-27,-4.1378958192e-27,1.0000137287e-04,6.6932199902e-14,1.0000002999e+00,1.4994021489e-22,4.0996173799e-27,1.4994226470e-22,-1.4993816508e-22,-1.4994226470e-22,-4.0996186093e-27,1.4992847171e-22,-1.4994230297e-22,-1.4994640259e-22,9.1510963228e-01
1.1834924623e+01,3.4952548973e+04,1.4766696911e+03,1.4781193253e+00,-1.3908074855e-26,-4.1724224565e-27,-4.1724224565e-27,1.0000138378e-04,6.7194255669e-14,1.0000002999e+00,1.4994026940e-22,4.1335642559e-27,1.4994233618e-22,-1.4993820262e-22,-1.4994233618e-22,-4.1335654954e-27,1.4992842811e-22,-1.4994237504e-22,-1.4994650861e-22,9.1550432032e-01
1.1889949749e+01,3.5115056844e+04,1.4766696911e+03,1.4783314505e+00,-1.4023832275e-26,-4.2071496825e-27,-4.2071496825e-27,1.0000139475e-04,6.7456435768e-14,1.0000002999e+00,1.4994032421e-22,4.1676634130e-27,1.4994240804e-22,-1.4993824038e-22,-1.4994240804e-22,-4.1676646628e-27,1.4992838421e-22,-1.4994244753e-22,-1.4994661519e-22,9.1589535522e-01
1.1944974874e+01,3.5277564714e+04,1.4766696911e+03,1.4785435758e+00,-1.4139589695e-26,-4.2418769085e-27,-4.2418769085e-27,1.0000140572e-04,6.7718615867e-14,1.0000002999e+00,1.4994037902e-22,4.2018996263e-27,1.4994247997e-22,-1.4993827807e-22,-1.4994247997e-22,-4.2019008864e-27,1.4992834038e-22,-1.4994251995e-22,-1.4994672185e-22,9.1628278749e-01
1.2000000000e+01,3.5440072585e+04,1.4766696911e+03,1.4787557010e+00,-1.4255347115e-26,-4.2766041345e-27,-4.2766041345e-27,1.0000141669e-04,6.7980795966e-14,1.0000002999e+00,1.4994043383e-22,4.2362729018e-27,1.4994255197e-22,-1.4993831570e-22,-1.4994255197e-22,-4.2362741721e-27,1.4992829662e-22,-1.4994259230e-22,-1.4994682857e-22,9.1666666667e-01
