case,category,M_solar,a_m,e,P_year,T0_year,f_true_deg,z,f_emit_Hz,f_obs_Hz,lambda_emit_nm,lambda_obs_nm,v_los_mps,v_tot_mps,z_geom_hint,N0,source,r_emit_m,n_round,z_obs,z_source,r_eff_m,r_note,v_tot_original,v_tot_corrected,v_correction_method,v_los_mps_eff,z_gr,z_sr,z_grsr,z_seg,dz_seg,dz_gr,dz_sr,dz_grsr,strong,rs_m,deltaM_percent,log10M_norm,sanity_flags
S2_SgrA*,S-stars,4297000.0,153088900000000.0,0.8843,16.0518,2018.379,0.0,0.0006671281903963,456805024067434.56,456500479728478.3,656.281,656.7188235559215,0.0,1157727.5847031064,0.0003584,1.0000000028,S2: z measured (2018 pericenter ~200 km/s/c); others: synthetic pericenter GR×SR,38071497974.22413,,0.0006671281903963,z,38071497974.22413,r_emit_m,1157727.5847031064,1157727.5847031064,original,0.0,0.22474487139158894,7.456692232787887e-06,0.2247540039371585,0.0003658593647113406,0.00030126882568495936,-0.22407774320119264,0.0006596714981635121,-0.2240868757467622,True,12690499324.741377,,,
S29_SgrA*,S-stars,4297000.0,523702500000000.0,0.728,101.0,2025.96,0.0,7.11810937787e-05,456805024067434.56,456772510500529.06,656.281,656.3277147994062,453446.48431834334,790070.5254661832,4.45e-05,1.0000000028,synthetic pericenter GR×SR from orbit,38071497974.22413,,7.11810937787e-05,z,38071497974.22413,r_emit_m,790070.5254661832,790070.5254661832,original,453446.48431834334,0.22474487139158894,0.001516012577677639,0.22660160002106466,0.0015605800402374026,-0.0014893989464587025,-0.22467369029781023,-0.0014448314838989389,-0.22653041892728595,True,12690499324.741377,,,
S38_SgrA*,S-stars,4297000.0,173297400000000.0,0.8201,19.2,2003.19,0.0,0.0003300885322974,456805024067434.56,456654287723832.5,656.281,656.4976308320646,556239.5977496742,949156.2125954892,0.0002036,1.0000000028,synthetic pericenter GR×SR from orbit,38071497974.22413,,0.0003300885322974,z,38071497974.22413,r_emit_m,949156.2125954892,949156.2125954892,original,556239.5977496742,0.22474487139158894,0.0018604368366661461,0.22702343186584373,0.002064415621606086,-0.001734327089308686,-0.22441478285929153,-0.001530348304368746,-0.22669334333354632,True,12690499324.741377,,,
S62_SgrA*,S-stars,4297000.0,110714100000000.0,0.976,9.9,2003.33,0.0,0.0039759410662086,456805024067434.56,454995986838403.6,656.281,658.8903345788724,201955.39874129588,1328293.2516444256,0.0023966,1.0000000028,synthetic pericenter GR×SR from orbit,38071497974.22413,,0.0039759410662086,z,38071497974.22413,r_emit_m,1328293.2516444256,1328293.2516444256,original,201955.39874129588,0.22474487139158894,0.0006834730481595219,0.22558195150205673,0.003081711059666814,0.0008942300065417864,-0.22076893032538034,0.0032924680180490785,-0.22160601043584813,True,12690499324.741377,,,
S4711_SgrA*,S-stars,4297000.0,92632040000000.0,0.768,7.6,2010.85,0.0,0.0004798593386547,456805024067434.56,456585927046442.9,656.281,656.5959225666317,2109546.094351292,2417802.281586612,0.0002954,1.0000000028,synthetic pericenter GR×SR from orbit,38071497974.22413,,0.0004798593386547,z,38071497974.22413,r_emit_m,2417802.281586612,2417802.281586612,original,2109546.094351292,0.22474487139158894,0.007069440253334003,0.23340313208546903,0.007366928565984754,-0.006887069227330054,-0.22426501205293425,-0.006589580914679303,-0.23292327274681435,True,12690499324.741377,,,
S4712_SgrA*,S-stars,4297000.0,556594500000000.0,0.364,112.0,2007.12,0.0,2.87107237694e-05,456805024067434.56,456791909241108.3,656.281,656.299842302506,314563.00860149733,915249.4379042916,1.79e-05,1.0000000028,synthetic pericenter GR×SR from orbit,38071497974.22413,,2.87107237694e-05,z,38071497974.22413,r_emit_m,915249.4379042916,915249.4379042916,original,314563.00860149733,0.22474487139158894,0.0010539344079454338,0.2260356721525032,0.001071853273371337,-0.001043142549601937,-0.22471616066781955,-0.0010252236841760338,-0.2260069614287338,True,12690499324.741377,,,
S4713_SgrA*,S-stars,4297000.0,247347900000000.0,0.351,33.2,2003.02,0.0,6.30516350636e-05,456805024067434.56,456776223579679.6,656.281,656.3223795901112,539507.1044242011,833361.7863285764,3.95e-05,1.0000000028,synthetic pericenter GR×SR from orbit,38071497974.22413,,6.30516350636e-05,z,38071497974.22413,r_emit_m,833361.7863285764,833361.7863285764,original,539507.1044242011,0.22474487139158894,0.0018034725989075628,0.22695366520779614,0.0018430438360752532,-0.0017799922010116533,-0.22468181975652535,-0.0017404209638439629,-0.22689061357273255,True,12690499324.741377,,,
S4714_SgrA*,S-stars,4297000.0,125864800000000.0,0.985,12.0,2017.29,0.0,0.0056009940879038,456805024067434.56,454260712502341.94,656.281,659.9568260010036,302918.3362532369,1532750.2665911673,0.0033779,1.0000000028,synthetic pericenter GR×SR from orbit,38071497974.22413,,0.0056009940879038,z,38071497974.22413,r_emit_m,1532750.2665911673,1532750.2665911673,original,302918.3362532369,0.22474487139158894,0.0010235101441111727,0.22599841019140632,0.004404867459026907,0.0011961266288768937,-0.21914387730368515,0.004577483943792628,-0.22039741610350252,True,12690499324.741377,,,
S4715_SgrA*,S-stars,4297000.0,177611600000000.0,0.247,20.2,2008.05,0.0,7.5551167671e-05,456805024067434.56,456770514521704.7,656.281,656.3305827958704,170812.24905054455,1339590.2654673308,4.74e-05,1.0000000028,synthetic pericenter GR×SR from orbit,38071497974.22413,,7.5551167671e-05,z,38071497974.22413,r_emit_m,1339590.2654673308,1339590.2654673308,original,170812.24905054455,0.22474487139158894,0.0005797574349626355,0.2254549263367105,0.0006271849154648734,-0.0005516337477938734,-0.22466932022391795,-0.0005042062672916355,-0.2253793751690395,True,12690499324.741377,,,
S1_SgrA*,S-stars,4297000.0,89370000000000.0,0.5563,166.0,2001.8,0.0,0.000234123456789,456805024067434.56,456698100329476.5,656.281,656.4346507763449,740406.6377690635,2411559.5955599174,0.0001456,1.0000000028,S1 orbital parameters from GRAVITY collaboration,38071497974.22413,,0.000234123456789,z,38071497974.22413,r_emit_m,2411559.5955599174,2411559.5955599174,original,740406.6377690635,0.22474487139158894,0.002502165929046951,0.2278093862805599,0.0026481302444061328,-0.0024140067876171328,-0.22451074793479994,-0.002268042472257951,-0.2275752628237709,True,12690499324.741377,,,
S8_SgrA*,S-stars,4297000.0,144700000000000.0,0.8031,92.9,2020.12,0.0,0.0001987654321098,456805024067434.56,456714245063163.9,656.281,656.4114459765505,576544.0149960216,1650244.425212328,0.0001234,1.0000000028,S8 orbital parameters from VLT observations,38071497974.22413,,0.0001987654321098,z,38071497974.22413,r_emit_m,1650244.425212328,1650244.425212328,original,576544.0149960216,0.22474487139158894,0.0019383237450394386,0.22711882345742263,0.0020619629341895873,-0.0018631975020797873,-0.22454610595947913,-0.0017395583129296386,-0.22692005802531282,True,12690499324.741377,,,
S12_SgrA*,S-stars,4297000.0,201300000000000.0,0.8883,58.9,2002.33,0.0,0.0003456789012345,456805024067434.56,456647170775189.1,656.281,656.507862494981,687429.5250689999,1279252.2799805307,0.0002145,1.0000000028,S12 orbital parameters from Keck observations,38071497974.22413,,0.0003456789012345,z,38071497974.22413,r_emit_m,1279252.2799805307,1279252.2799805307,original,687429.5250689999,0.22474487139158894,0.0023021432594947377,0.22756440954186385,0.0025171370692238515,-0.0021714581679893514,-0.22439919249035445,-0.0019564643582602377,-0.22721873064062936,True,12690499324.741377,,,
S13_SgrA*,S-stars,4297000.0,306700000000000.0,0.425,49.0,2004.86,0.0,9.87654321098e-05,456805024067434.56,456759911977357.7,656.281,656.3458178765504,707395.8607588904,807835.9621717719,6.13e-05,1.0000000028,S13 orbital parameters from combined data,38071497974.22413,,9.87654321098e-05,z,38071497974.22413,r_emit_m,807835.9621717719,807835.9621717719,original,707395.8607588904,0.22474487139158894,0.0023632577602370475,0.2276392592132157,0.0024247026279378137,-0.0023259371958280137,-0.22464610595947915,-0.0022644923281272475,-0.2275404937811059,True,12690499324.741377,,,
S14_SgrA*,S-stars,4297000.0,187600000000000.0,0.9761,55.3,2016.05,0.0,0.0004567890123456,456805024067434.56,456596455823338.5,656.281,656.5807819498111,1317846.1828622392,1547495.8821069591,0.0002834,1.0000000028,S14 highly eccentric orbit,38071497974.22413,,0.0004567890123456,z,38071497974.22413,r_emit_m,1547495.8821069591,1547495.8821069591,original,1317846.1828622392,0.22474487139158894,0.004409243084976033,0.23014506924663225,0.004693892664466404,-0.004237103652120803,-0.22428808237924333,-0.003952454072630433,-0.22968828023428664,True,12690499324.741377,,,
S17_SgrA*,S-stars,4297000.0,412300000000000.0,0.218,77.8,2008.67,0.0,5.67890123456e-05,456805024067434.56,456779084034392.2,656.281,656.318269549811,644386.2147067375,1114238.1961445846,3.52e-05,1.0000000028,S17 low eccentricity orbit,38071497974.22413,,5.67890123456e-05,z,38071497974.22413,r_emit_m,1114238.1961445846,1114238.1961445846,original,644386.2147067375,0.22474487139158894,0.002156362888490193,0.22738586578012643,0.002191638792463868,-0.002134849780118268,-0.22468808237924334,-0.002099573876144593,-0.22732907676778083,True,12690499324.741377,,,
S19_SgrA*,S-stars,4297000.0,278900000000000.0,0.7654,41.2,2012.45,0.0,0.0002345678901234,456805024067434.56,456697897405216.5,656.281,656.4349424494981,234686.65017825275,1374091.8763108307,0.0001456,1.0000000028,S19 intermediate orbit,38071497974.22413,,0.0002345678901234,z,38071497974.22413,r_emit_m,1374091.8763108307,1374091.8763108307,original,234686.65017825275,0.22474487139158894,0.0007933429211295362,0.2257165140654971,0.0009390584318589301,-0.0007044905417355301,-0.22451030350146553,-0.0005587750310061362,-0.22548194617537368,True,12690499324.741377,,,
S21_SgrA*,S-stars,4297000.0,123400000000000.0,0.8765,28.9,2018.91,0.0,0.0003789012345678,456805024067434.56,456632005636755.6,656.281,656.5296656811233,175065.92016082324,1285530.666684324,0.0002349,1.0000000028,S21 shorter period orbit,38071497974.22413,,0.0003789012345678,z,38071497974.22413,r_emit_m,1285530.666684324,1285530.666684324,original,175065.92016082324,0.22474487139158894,0.0005931563149594865,0.22547133654626905,0.0008281956473779051,-0.0004492944128101051,-0.22436597015702114,-0.00021425508039168653,-0.22509243531170126,True,12690499324.741377,,,
S23_SgrA*,S-stars,4297000.0,567800000000000.0,0.3456,134.7,2001.23,0.0,4.56789012345e-05,456805024067434.56,456784158668965.25,656.281,656.3109781949811,272911.5148316311,664112.2751324235,2.83e-05,1.0000000028,S23 long period orbit,38071497974.22413,,4.56789012345e-05,z,38071497974.22413,r_emit_m,664112.2751324235,664112.2751324235,original,272911.5148316311,0.22474487139158894,0.0009127907121704304,0.22586280713497353,0.0009411165441477465,-0.0008954376429132465,-0.22469919249035444,-0.0008671118109359304,-0.22581712823373903,True,12690499324.741377,,,
S24_SgrA*,S-stars,4297000.0,345600000000000.0,0.6789,67.3,2009.78,0.0,0.0001234567890123,456805024067434.56,456748635347528.8,656.281,656.3620223449497,623034.139155285,816569.1990415838,7.66e-05,1.0000000028,S24 moderate eccentricity,38071497974.22413,,0.0001234567890123,z,38071497974.22413,r_emit_m,816569.1990415838,816569.1990415838,original,623034.139155285,0.22474487139158894,0.002081935412135749,0.22729471111017063,0.0021586948883884904,-0.0020352380993761904,-0.22462141460257665,-0.001958478623123449,-0.22717125432115834,True,12690499324.741377,,,
S27_SgrA*,S-stars,4297000.0,234500000000000.0,0.789,45.6,2015.34,0.0,0.0002678901234567,456805024067434.56,456682683287028.25,656.281,656.4568111981122,343550.4302124868,1057899.8028433905,0.0001662,1.0000000028,S27 orbital parameters,38071497974.22413,,0.0002678901234567,z,38071497974.22413,r_emit_m,1057899.8028433905,1057899.8028433905,original,343550.4302124868,0.22474487139158894,0.0011521941998327012,0.22615601532868124,0.0013185856945088226,-0.0010506955710521226,-0.22447698126813223,-0.0008843040763760013,-0.22588812520522453,True,12690499324.741377,,,
S31_SgrA*,S-stars,4297000.0,456700000000000.0,0.4567,89.1,2006.89,0.0,7.89012345678e-05,456805024067434.56,456768984430650.7,656.281,656.3327813811234,183369.8057130129,861945.7560251208,4.89e-05,1.0000000028,S31 medium period orbit,38071497974.22413,,7.89012345678e-05,z,38071497974.22413,r_emit_m,861945.7560251208,861945.7560251208,original,183369.8057130129,0.22474487139158894,0.0006157916065434588,0.22549905900354905,0.0006647217187529808,-0.0005858204841851808,-0.22466597015702114,-0.0005368903719756588,-0.22542015776898125,True,12690499324.741377,,,
S33_SgrA*,S-stars,4297000.0,178900000000000.0,0.8901,34.5,2013.67,0.0,0.0003456789012345,456805024067434.56,456647170775189.1,656.281,656.507862494981,256835.6301168606,1608837.3944875486,0.0002144,1.0000000028,S33 high eccentricity,38071497974.22413,,0.0003456789012345,z,38071497974.22413,r_emit_m,1608837.3944875486,1608837.3944875486,original,256835.6301168606,0.22474487139158894,0.0008711237754628343,0.22581177576793432,0.001085710544400209,-0.0007400316431657091,-0.22439919249035445,-0.0005254448742283343,-0.22546609686669983,True,12690499324.741377,,,
S35_SgrA*,S-stars,4297000.0,678900000000000.0,0.2345,156.8,2003.45,0.0,3.45678901234e-05,456805024067434.56,456789233827390.06,656.281,656.303686249498,653561.1628391751,910511.2467686718,2.14e-05,1.0000000028,S35 very long period,38071497974.22413,,3.45678901234e-05,z,38071497974.22413,r_emit_m,910511.2467686718,910511.2467686718,original,653561.1628391751,0.22474487139158894,0.002184667571411003,0.22742053179537014,0.0022061143232969815,-0.0021715464331735815,-0.22471030350146554,-0.002150099681287603,-0.22738596390524674,True,12690499324.741377,,,
S39_SgrA*,S-stars,4297000.0,290100000000000.0,0.6543,52.3,2011.12,0.0,0.0001567890123456,456805024067434.56,456733413286660.1,656.281,656.383897649811,87746.8396518232,840344.5483565853,9.73e-05,1.0000000028,S39 orbital data,38071497974.22413,,0.0001567890123456,z,38071497974.22413,r_emit_m,840344.5483565853,840344.5483565853,original,87746.8396518232,0.22474487139158894,0.0002966217750890454,0.2251081573893723,0.00039395063638769656,-0.00023716162404209656,-0.22458808237924335,-0.00013983276274344542,-0.2249513683770267,True,12690499324.741377,,,
S41_SgrA*,S-stars,4297000.0,156700000000000.0,0.7321,31.8,2017.56,0.0,0.0003012345678901,456805024067434.56,456667460042439.2,656.281,656.4786945234495,1152408.4515295164,1731679.806719088,0.0001869,1.0000000028,S41 close orbit,38071497974.22413,,0.0003012345678901,z,38071497974.22413,r_emit_m,1731679.806719088,1731679.806719088,original,1152408.4515295164,0.22474487139158894,0.0038607679734832256,0.2294733271667455,0.004048389551017495,-0.003747154983127395,-0.22444363682369883,-0.0035595334055931256,-0.2291720925988554,True,12690499324.741377,,,
S43_SgrA*,S-stars,4297000.0,378900000000000.0,0.5432,71.2,2007.23,0.0,9.0123456789e-05,456805024067434.56,456763858929531.6,656.281,656.3401463123449,760463.8442466172,1060594.9519842318,5.59e-05,1.0000000028,S43 medium distance,38071497974.22413,,9.0123456789e-05,z,38071497974.22413,r_emit_m,1060594.9519842318,1060594.9519842318,original,760463.8442466172,0.22474487139158894,0.0025429081611343385,0.22785928512035802,0.0025989503097005873,-0.0025088268529115873,-0.22465474793479995,-0.0024527847043453385,-0.22776916166356903,True,12690499324.741377,,,
S45_SgrA*,S-stars,4297000.0,501200000000000.0,0.4109,98.7,2004.78,0.0,6.78901234567e-05,456805024067434.56,456774013623257.8,656.281,656.3255549981124,221558.0585753809,572838.0666259885,4.21e-05,1.0000000028,S45 low eccentricity,38071497974.22413,,6.78901234567e-05,z,38071497974.22413,r_emit_m,572838.0666259885,572838.0666259885,original,221558.0585753809,0.22474487139158894,0.0007408650317182186,0.22565224203957923,0.0007829962221359565,-0.0007151060986792566,-0.22467698126813224,-0.0006729749082615186,-0.22558435191612253,True,12690499324.741377,,,
S47_SgrA*,S-stars,4297000.0,267800000000000.0,0.7098,48.9,2014.34,0.0,0.0001890123456789,456805024067434.56,456718698594897.7,656.281,656.4050452112346,643599.0673218633,814184.8445059626,0.0001173,1.0000000028,S47 elliptical orbit,38071497974.22413,,0.0001890123456789,z,38071497974.22413,r_emit_m,814184.8445059626,814184.8445059626,original,643599.0673218633,0.22474487139158894,0.0021505112049229336,0.22737869896068852,0.0022680634598872818,-0.0020790511142083816,-0.22455585904591005,-0.0019614988592440335,-0.22718968661500963,True,12690499324.741377,,,
S49_SgrA*,S-stars,4297000.0,423400000000000.0,0.3876,82.1,2008.91,0.0,5.67890123456e-05,456805024067434.56,456779084034392.2,656.281,656.318269549811,343554.4853259151,941971.8517012532,3.52e-05,1.0000000028,S49 nearly circular,38071497974.22413,,5.67890123456e-05,z,38071497974.22413,r_emit_m,941971.8517012532,941971.8517012532,original,343554.4853259151,0.22474487139158894,0.0011509164369938318,0.22615445039519733,0.0011861569492523927,-0.0011293679369067926,-0.22468808237924334,-0.0010941274246482318,-0.22609766138285173,True,12690499324.741377,,,
S51_SgrA*,S-stars,4297000.0,190100000000000.0,0.8234,37.6,2016.78,0.0,0.0002789012345678,456805024067434.56,456677656105347.25,656.281,656.4640375811233,321250.78283406654,921054.4981786528,0.0001731,1.0000000028,S51 eccentric orbit,38071497974.22413,,0.0002789012345678,z,38071497974.22413,r_emit_m,921054.4981786528,921054.4981786528,original,321250.78283406654,0.22474487139158894,0.0010763018933395152,0.22606306661552567,0.0012495882011973602,-0.0009706869666295603,-0.22446597015702113,-0.0007974006587717152,-0.22578416538095786,True,12690499324.741377,,,
S53_SgrA*,S-stars,4297000.0,612300000000000.0,0.2987,143.5,2002.56,0.0,4.0123456789e-05,456805024067434.56,456786696206167.5,656.281,656.307332262345,437184.6565690957,639453.393344406,2.49e-05,1.0000000028,S53 distant orbit,38071497974.22413,,4.0123456789e-05,z,38071497974.22413,r_emit_m,639453.393344406,639453.393344406,original,437184.6565690957,0.22474487139158894,0.0014605691857607628,0.22653369601116213,0.0014855055539335638,-0.0014453820971445637,-0.22470474793479994,-0.0014204457289717627,-0.22649357255437313,True,12690499324.741377,,,
PSR_J1745-2900,pulsars,4297000.0,240000000000000.0,0.896,0.25,2023.5,180.0,0.00234,456805024067434.56,455738595753371.7,656.281,657.81669754,3000000.0,15000000.0,0.001451,1.0000000028,magnetar near Sgr A* with strong relativistic effects,38071497974.22413,,0.00234,z,38071497974.22413,r_emit_m,15000000.0,15000000.0,original,3000000.0,0.22474487139158894,0.0112735588764179,0.23855210480781297,0.012740916810347613,-0.010400916810347613,-0.22240487139158893,-0.0089335588764179,-0.23621210480781296,True,12690499324.741377,,,
PSR_J1745-29AB,pulsars,4297000.0,180000000000000.0,0.234,1.2,2022.8,90.0,0.00087,456805024067434.56,456407949151672.6,656.281,656.8519644699999,12000000.0,18000000.0,0.000539,1.0000000028,pulsar in close orbit to central BH,38071497974.22413,,0.00087,z,38071497974.22413,r_emit_m,18000000.0,18000000.0,original,12000000.0,0.22474487139158894,0.04190741797254982,0.276070766626733,0.042469006070837034,-0.04159900607083703,-0.22387487139158893,-0.04103741797254982,-0.27520076662673304,True,12690499324.741377,,,
G2_SgrA*,gas-clouds,4297000.0,250000000000000.0,0.976,250.0,2014.2,45.0,0.01234,456805024067434.56,451236762419181.9,656.281,664.37950754,8000000.0,25000000.0,0.007654,1.0000000028,gas cloud G2 pericenter passage,38071497974.22413,,0.01234,z,38071497974.22413,r_emit_m,25000000.0,25000000.0,original,8000000.0,0.22474487139158894,0.030273671170412797,0.26182239489574743,0.03815938584955125,-0.025819385849551253,-0.21240487139158895,-0.017933671170412797,-0.24948239489574744,True,12690499324.741377,,,
G1_SgrA*,gas-clouds,4297000.0,190000000000000.0,0.854,180.0,2011.3,120.0,0.00876,456805024067434.56,452838161770326.4,656.281,662.0300215600001,6500000.0,19000000.0,0.005432,1.0000000028,gas cloud G1 dynamics,38071497974.22413,,0.00876,z,38071497974.22413,r_emit_m,19000000.0,19000000.0,original,6500000.0,0.22474487139158894,0.02373974559608727,0.2538200030585378,0.029300699894165394,-0.020540699894165394,-0.21598487139158895,-0.014979745596087269,-0.2450600030585378,True,12690499324.741377,,,
X3_SgrA*,gas-clouds,4297000.0,310000000000000.0,0.765,320.0,2009.7,60.0,0.00567,456805024067434.56,454229542561113.0,656.281,660.00211327,4200000.0,16000000.0,0.003516,1.0000000028,extended gas structure X3,38071497974.22413,,0.00567,z,38071497974.22413,r_emit_m,16000000.0,16000000.0,original,4200000.0,0.22474487139158894,0.015456929012477971,0.24367566592708512,0.019027275574885927,-0.013357275574885927,-0.21907487139158893,-0.009786929012477972,-0.2380056659270851,True,12690499324.741377,,,
X1_SgrA*,gas-clouds,4297000.0,420000000000000.0,0.543,450.0,2006.1,30.0,0.00234,456805024067434.56,455738595753371.7,656.281,657.81669754,2800000.0,12000000.0,0.001451,1.0000000028,distant gas cloud X1,38071497974.22413,,0.00234,z,38071497974.22413,r_emit_m,12000000.0,12000000.0,original,2800000.0,0.22474487139158894,0.010149357841856776,0.23717524535632095,0.01161508456008531,-0.00927508456008531,-0.22240487139158893,-0.007809357841856776,-0.23483524535632094,True,12690499324.741377,,,
IRS16C,massive-stars,4297000.0,120000000000000.0,0.234,12.5,2019.3,275.0,0.00345,456805024067434.56,455234465162623.6,656.281,658.5451694499999,18000000.0,22000000.0,0.002139,1.0000000028,Wolf-Rayet star IRS16C,38071497974.22413,,0.00345,z,38071497974.22413,r_emit_m,22000000.0,22000000.0,original,18000000.0,0.22474487139158894,0.06290739909776688,0.30179038580916284,0.06518095802443691,-0.061730958024436906,-0.22129487139158893,-0.05945739909776688,-0.29834038580916283,True,12690499324.741377,,,
IRS16NW,massive-stars,4297000.0,150000000000000.0,0.456,18.7,2017.8,315.0,0.00456,456805024067434.56,454731448661538.0,656.281,659.2736413599998,15000000.0,20000000.0,0.002827,1.0000000028,massive star IRS16NW,38071497974.22413,,0.00456,z,38071497974.22413,r_emit_m,20000000.0,20000000.0,original,15000000.0,0.22474487139158894,0.05237908506014022,0.2888958871871794,0.05535416073360522,-0.050794160733605216,-0.22018487139158893,-0.047819085060140216,-0.2843358871871794,True,12690499324.741377,,,
IRS16SW,massive-stars,4297000.0,180000000000000.0,0.321,23.4,2015.6,225.0,0.00234,456805024067434.56,455738595753371.7,656.281,657.81669754,12000000.0,18000000.0,0.001451,1.0000000028,O-type star IRS16SW,38071497974.22413,,0.00234,z,38071497974.22413,r_emit_m,18000000.0,18000000.0,original,12000000.0,0.22474487139158894,0.04190741797254982,0.276070766626733,0.04341922563602818,-0.04107922563602818,-0.22240487139158893,-0.03956741797254982,-0.273730766626733,True,12690499324.741377,,,
IRS13E,massive-stars,4297000.0,210000000000000.0,0.654,34.2,2012.4,180.0,0.00567,456805024067434.56,454229542561113.0,656.281,660.00211327,9500000.0,16000000.0,0.003516,1.0000000028,massive star cluster IRS13E,38071497974.22413,,0.00567,z,38071497974.22413,r_emit_m,16000000.0,16000000.0,original,9500000.0,0.22474487139158894,0.03316105811875403,0.26535870725245125,0.03679365239909971,-0.031123652399099706,-0.21907487139158893,-0.027491058118754026,-0.25968870725245125,True,12690499324.741377,,,
IRS7,massive-stars,4297000.0,280000000000000.0,0.432,56.8,2008.9,135.0,0.00123,456805024067434.56,456243844139143.4,656.281,657.08822563,7200000.0,14000000.0,0.000763,1.0000000028,infrared source IRS7,38071497974.22413,,0.00123,z,38071497974.22413,r_emit_m,14000000.0,14000000.0,original,7200000.0,0.22474487139158894,0.02513502916160837,0.2555288694495468,0.025917207188858704,-0.024687207188858706,-0.22351487139158893,-0.02390502916160837,-0.25429886944954677,True,12690499324.741377,,,
GRS_1915+105,stellar-BH,10.1,580000000000.0,0.0,0.875,2023.1,0.0,0.3,500000000000000.0,384600000000000.0,599.8,779.9,89000000.0,95000000.0,0.186,1.0000000028,stellar mass black hole with accretion disk,89486.18327662641,,0.3,z,89486.18327662641,r_emit_m,95000000.0,95000000.0,original,89000000.0,0.22474487139158894,0.3673397161881129,0.6746423048514221,0.6216649033991017,-0.32166490339910175,0.07525512860841105,-0.06733971618811291,-0.3746423048514221,True,29828.72775887547,,,r_eff suspiciously small (8.949e+04 m)
Cyg_X-1,stellar-BH,14.8,2100000000000.0,0.0,5.6,2021.3,0.0,0.156,420000000000000.0,363200000000000.0,713.9,825.2,45000000.0,52000000.0,0.097,1.0000000028,first confirmed black hole,131128.2685637694,,0.156,z,131128.2685637694,r_emit_m,52000000.0,52000000.0,original,45000000.0,0.22474487139158894,0.167805330793378,0.43026358967294764,0.28108244788033554,-0.12508244788033554,-0.06874487139158894,-0.011805330793378005,-0.2742635896729476,True,43709.4228545898,,,r_eff suspiciously small (1.311e+05 m)
A0620-00,stellar-BH,6.6,420000000000.0,0.0,0.323,2020.8,0.0,0.057,380000000000000.0,359600000000000.0,789.5,833.5,78000000.0,82000000.0,0.035,1.0000000028,quiescent X-ray binary,58476.1197649242,,0.057,z,58476.1197649242,r_emit_m,82000000.0,82000000.0,original,78000000.0,0.22474487139158894,0.3101414682007104,0.6045890439762667,0.3559964195877352,-0.2989964195877352,-0.16774487139158895,-0.25314146820071043,-0.5475890439762666,True,19492.039921641397,,,r_eff suspiciously small (5.848e+04 m)
V404_Cyg,stellar-BH,9.0,1300000000000.0,0.0,6.5,2019.5,0.0,0.124,450000000000000.0,400500000000000.0,666.7,748.6,34000000.0,38000000.0,0.077,1.0000000028,recurrent X-ray transient,79740.16331580572,,0.124,z,79740.16331580572,r_emit_m,38000000.0,38000000.0,original,34000000.0,0.22474487139158894,0.12246544427204431,0.3747337961864676,0.20889528348099162,-0.08489528348099162,-0.10074487139158894,0.0015345557279556887,-0.25073379618646763,True,26580.054438601906,,,r_eff suspiciously small (7.974e+04 m)
M87*_jet,AGN-jets,6500000000.0,8.7e+16,0.0,5500.924932508759,2021.872700594237,0.0,0.00345,1800000000000000.0,1794000000000000.0,166.5,167.1,292500000.0,296700000.0,0.00214,1.0000000028,M87 central engine relativistic jet,57590117950304.125,,0.00345,z,57590117950304.125,r_emit_m,296700000.0,296700000.0,original,292500000.0,0.22474487139158894,12.79055736389226,15.889914405058555,12.82006915665099,-12.816619156650988,-0.22129487139158893,-12.78710736389226,-15.886464405058554,True,19196705983434.707,,,
3C273_jet,AGN-jets,1200000000.0,2.3e+17,0.0,55031.91794072234,2024.7535715320496,0.0,0.158,2100000000000000.0,1814000000000000.0,142.9,165.3,275400000.0,284250000.0,0.098,1.0000000028,bright quasar 3C 273 jet,10632021775440.764,,0.158,z,10632021775440.764,r_emit_m,284250000.0,284250000.0,original,275400000.0,0.22474487139158894,5.037138254802269,6.393954115451046,5.628777803772891,-5.470777803772891,-0.06674487139158894,-4.879138254802268,-6.235954115451046,True,3544007258480.2544,,,
3C279_jet,AGN-jets,840000000.0,1.8e+17,0.0,45538.91012187272,2023.659969709057,0.0,0.536,1900000000000000.0,1237000000000000.0,157.9,242.4,287100000.0,293340000.0,0.332,1.0000000028,blazar 3C 279 superluminal jet,7442415242808.535,,0.536,z,7442415242808.535,r_emit_m,293340000.0,293340000.0,original,287100000.0,0.22474487139158894,8.486807539908025,10.61891888038141,11.63642764315749,-11.10042764315749,0.3112551286084111,-7.950807539908025,-10.08291888038141,True,2480805080936.178,,,
PKS_1510-089,AGN-jets,320000000.0,9.4e+16,0.0,27843.91562746868,2022.9932924209847,0.0,0.361,2200000000000000.0,1616000000000000.0,136.4,185.5,266700000.0,278490000.0,0.224,1.0000000028,gamma-ray loud blazar,2835205806784.203,,0.361,z,2835205806784.203,r_emit_m,278490000.0,278490000.0,original,266700000.0,0.22474487139158894,4.103983529248272,5.251077651113963,5.247275839799885,-4.886275839799885,0.13625512860841105,-3.7429835292482725,-4.890077651113963,True,945068602261.4011,,,
BL_Lac,AGN-jets,180000000.0,1.2e+17,0.0,53548.72495973214,2020.780093202212,0.0,0.069,2500000000000000.0,2339000000000000.0,119.9,128.2,233700000.0,254550000.0,0.043,1.0000000028,prototype BL Lac object,1594803266316.1145,,0.069,z,1594803266316.1145,r_emit_m,254550000.0,254550000.0,original,233700000.0,0.22474487139158894,2.3687293210676015,3.125833959084014,2.513584681873508,-2.444584681873508,-0.15574487139158893,-2.2997293210676015,-3.056833959084014,True,531601088772.0381,,,
PSR_B1913+16,NS-binaries,1.4,780000000.0,0.617,0.323,1974.5,0.0,2.3e-05,1420000000.0,1419968000.0,211.1,211.2,127000.0,245000.0,1.4e-05,1.0000000028,Hulse-Taylor binary pulsar,12404.025404680888,,2.3e-05,z,12404.025404680888,r_emit_m,245000.0,245000.0,original,127000.0,0.22474487139158894,0.0004239604766302918,0.2252641148110146,0.00043796641207682896,-0.00041496641207682894,-0.22472187139158895,-0.0004009604766302918,-0.2252411148110146,True,4134.67513489363,,,r_eff suspiciously small (1.240e+04 m)
PSR_J0737-3039A,NS-binaries,1.34,910000000.0,0.088,0.102,2003.1,0.0,1.8e-05,1380000000.0,1379975000.0,217.4,217.4,89000.0,156000.0,1.1e-05,1.0000000028,double pulsar system A,11872.424315908853,,1.8e-05,z,11872.424315908853,r_emit_m,156000.0,156000.0,original,89000.0,0.22474487139158894,0.0002970074722055127,0.22510862976993762,0.0003080107392876563,-0.0002900107392876563,-0.22472687139158895,-0.0002790074722055127,-0.22509062976993763,True,3957.4747719696174,,,r_eff suspiciously small (1.187e+04 m)
PSR_J0737-3039B,NS-binaries,1.25,910000000.0,0.088,0.102,2003.1,180.0,1.6e-05,1350000000.0,1349978000.0,222.2,222.2,134000.0,189000.0,1e-05,1.0000000028,double pulsar system B,11075.022682750794,,1.6e-05,z,11075.022682750794,r_emit_m,189000.0,189000.0,original,134000.0,0.22474487139158894,0.00044717470131327985,0.22529254631363838,0.0004571791730603181,-0.00044117917306031807,-0.22472887139158895,-0.00043117470131327984,-0.2252765463136384,True,3691.674227583598,,,r_eff suspiciously small (1.108e+04 m)
PSR_J1141-6545,NS-binaries,1.3,1800000000.0,0.172,0.198,1999.7,0.0,3.4e-05,1410000000.0,1409952000.0,212.8,212.9,67000.0,123000.0,2.1e-05,1.0000000028,NS-WD binary system,11518.023590060824,,3.4e-05,z,11518.023590060824,r_emit_m,123000.0,123000.0,original,67000.0,0.22474487139158894,0.00022357212901713552,0.22501869020998888,0.0002445768240317836,-0.0002105768240317836,-0.22471087139158893,-0.0001895721290171355,-0.22498469020998887,True,3839.3411966869417,,,r_eff suspiciously small (1.152e+04 m)
PSR_B1534+12,NS-binaries,1.33,2400000000.0,0.274,0.421,1990.3,0.0,4.5e-05,1370000000.0,1369939000.0,218.8,219.0,78000.0,145000.0,2.8e-05,1.0000000028,another relativistic binary,11783.824134446844,,4.5e-05,z,11783.824134446844,r_emit_m,145000.0,145000.0,original,78000.0,0.22474487139158894,0.0002602969920448839,0.22506366879763462,0.0002883042803605296,-0.00024330428036052956,-0.22469987139158895,-0.00021529699204488387,-0.22501866879763463,True,3927.9413781489484,,,r_eff suspiciously small (1.178e+04 m)
Vega,nearby-stars,2.1,1000000000000000.0,0.162397808134481,377141.10612503946,2020.290418060841,0.0,-1.7e-05,545000000000000.0,545009300000000.0,550.0,549.9,0.0,-12000.0,-0.0,1.0000000028,nearby A-type star with blueshift,18606.038107021333,,-1.7e-05,z,18606.038107021333,r_emit_m,-12000.0,23323.807579381202,"fixed_negative(v_rad=12000,v_tan=20000)",0.0,0.22474487139158894,3.026408235129452e-09,0.22474487509816687,3.026408235129452e-09,-1.700302640823513e-05,-0.22476187139158893,-1.700302640823513e-05,-0.22476187509816686,True,6202.012702340445,,,r_eff suspiciously small (1.861e+04 m)
Sirius_A,nearby-stars,2.02,1000000000000000.0,0.4464704583099741,384536.733784154,2023.005575058716,0.0,3.2e-05,732000000000000.0,731976600000000.0,410.0,410.1,0.0,5600.0,0.0,1.0000000028,bright binary star system,17897.236655325283,,3.2e-05,z,17897.236655325283,r_emit_m,5600.0,5600.0,original,0.0,0.22474487139158894,1.7446355471406605e-10,0.22474487160526224,1.7446355471406605e-10,3.1999825536445284e-05,-0.22471287139158894,3.1999825536445284e-05,-0.22471287160526224,True,5965.745551775094,,,r_eff suspiciously small (1.790e+04 m)
Proxima_Cen,nearby-stars,0.123,1000000000000000.0,0.3832290311184182,1558335.4921545628,2020.102922471479,0.0,-7.5e-05,468000000000000.0,468035100000000.0,641.0,640.9,0.0,-22000.0,-0.0,1.0000000028,closest star to Sun,1089.7822319826782,,-7.5e-05,z,1089.7822319826782,r_emit_m,-22000.0,29732.137494637012,"fixed_negative(v_rad=22000,v_tan=20000)",0.0,0.22474487139158894,4.917913409840935e-09,0.22474487741477822,4.917913409840935e-09,-7.500491791340983e-05,-0.22481987139158893,-7.500491791340983e-05,-0.2248198774147782,True,363.26074399422606,,,r_eff suspiciously small (1.090e+03 m)
Alpha_Cen_A,nearby-stars,1.1,1000000000000000.0,0.4879639408647978,521095.3230293407,2024.162213204002,0.0,-2.3e-05,523000000000000.0,523012000000000.0,573.5,573.4,0.0,-22000.0,-0.0,1.0000000028,Sun-like star in Alpha Centauri,9746.0199608207,,-2.3e-05,z,9746.0199608207,r_emit_m,-22000.0,29732.137494637012,"fixed_negative(v_rad=22000,v_tan=20000)",0.0,0.22474487139158894,4.917913409840935e-09,0.22474487741477822,4.917913409840935e-09,-2.300491791340984e-05,-0.22476787139158894,-2.300491791340984e-05,-0.22476787741477822,True,3248.6733202735663,,,r_eff suspiciously small (9.746e+03 m)
Betelgeuse,nearby-stars,11.6,1000000000000000.0,0.1849356442713104,160466.5528720373,2020.9091248360355,0.0,6.8e-05,421000000000000.0,420971300000000.0,712.1,712.3,0.0,21000.0,0.0,1.0000000028,red supergiant variable star,102776.21049592736,,6.8e-05,z,102776.21049592736,r_emit_m,21000.0,21000.0,original,0.0,0.22474487139158894,2.4533934883663733e-09,0.22474487439637003,2.4533934883663733e-09,6.799754660651163e-05,-0.22467687139158893,6.799754660651163e-05,-0.22467687439637002,True,34258.73683197579,,,r_eff suspiciously small (1.028e+05 m)
Rigel,nearby-stars,18.7,1000000000000000.0,0.1733618039413735,126384.179874431,2021.5212112147976,0.0,0.000123,689000000000000.0,688915100000000.0,435.1,435.2,0.0,18000.0,0.0,1.0000000028,blue supergiant in Orion,165682.33933395188,,0.000123,z,165682.33933395188,r_emit_m,18000.0,18000.0,original,0.0,0.22474487139158894,1.802493265756766e-09,0.22474487359918327,1.802493265756766e-09,0.00012299819750673425,-0.22462187139158893,0.00012299819750673425,-0.22462187359918326,True,55227.446444650624,,,r_eff suspiciously small (1.657e+05 m)
Spica,nearby-stars,10.25,1000000000000000.0,0.3099025726528951,170707.1002427938,2022.159725093211,0.0,3.4e-05,812000000000000.0,811972400000000.0,369.2,369.2,0.0,1000.0,0.0,1.0000000028,hot binary star system,90815.18599855652,,3.4e-05,z,90815.18599855652,r_emit_m,1000.0,1000.0,original,0.0,0.22474487139158894,5.5633275763966594e-12,0.2247448713984026,5.5633275763966594e-12,3.399999443667242e-05,-0.22471087139158893,3.399999443667242e-05,-0.2247108713984026,True,30271.728666185503,,,r_eff suspiciously small (9.082e+04 m)
Antares,nearby-stars,12.4,1000000000000000.0,0.2164916560792167,155203.91613869462,2023.059264473612,0.0,8.9e-05,398000000000000.0,397964500000000.0,753.3,753.4,0.0,-3200.0,0.0,1.0000000028,red supergiant in Scorpius,109864.2250128879,,8.9e-05,z,109864.2250128879,r_emit_m,-3200.0,30170.183957012923,"fixed_negative(v_rad=3200,v_tan=30000)",0.0,0.22474487139158894,5.063893082635218e-09,0.2247448775935661,5.063893082635218e-09,8.899493610691736e-05,-0.22465587139158893,8.899493610691736e-05,-0.2246558775935661,True,36621.4083376293,,,r_eff suspiciously small (1.099e+05 m)
Polaris,nearby-stars,5.4,1000000000000000.0,0.1557975442608167,235188.8009314748,2021.460723242676,0.0,-5.6e-05,489000000000000.0,489027400000000.0,613.1,613.0,0.0,-17000.0,-0.0,1.0000000028,current North Star,47844.09798948344,,-5.6e-05,z,47844.09798948344,r_emit_m,-17000.0,26248.809496813374,"fixed_negative(v_rad=17000,v_tan=20000)",0.0,0.22474487139158894,3.833079631476721e-09,0.22474487608613347,3.833079631476721e-09,-5.6003833079631476e-05,-0.22480087139158894,-5.6003833079631476e-05,-0.22480087608613347,True,15948.032663161146,,,r_eff suspiciously small (4.784e+04 m)
Aldebaran,nearby-stars,1.16,1000000000000000.0,0.2465447373174767,507439.7953514717,2022.2803499210847,0.0,0.000189,432000000000000.0,431918300000000.0,694.0,694.1,0.0,54000.0,0.0,1.0000000028,red giant in Taurus,10277.621049592735,,0.000189,z,10277.621049592735,r_emit_m,54000.0,54000.0,original,0.0,0.22474487139158916,1.622243828158787e-08,0.22474489125993724,1.622243828158787e-08,0.00018898377756171843,-0.22455587139158917,0.00018898377756171843,-0.22455589125993725,True,3425.8736831975793,,,r_eff suspiciously small (1.028e+04 m)
EHT_M87,SMBH-shadows,6500000000.0,29500000000000.0,0.0,0.0343470833109693,2023.925879806965,0.0,0.00428,230000000000000.0,229100000000000.0,1303.5,1309.1,0.0,140015014.24503672,0.00265,1.0000000028,Event Horizon Telescope M87* shadow,57590117950304.125,,0.00428,z,57590117950304.125,r_emit_m,140015014.24503672,140015014.24503672,original,0.0,0.22474487139158894,0.13091943293103303,0.3850877754393667,0.13391636942830032,-0.1296363694283003,-0.22046487139158893,-0.12663943293103302,-0.38080777543936667,True,19196705983434.707,,,
S55_SgrA*,S-stars,4297000.0,711541438766307.0,0.2175075286558668,158.24541565366206,2027.36471214164,243.61181547224808,0.0001,456805024067434.56,456759348132621.3,656.281,656.3466280999999,158989.07541264108,570735.8288900983,,1.0,Synthetic S-star: Extended S-star population,1269049932474.1377,,0.0001,z,1269049932474.1377,r_emit_m,570735.8288900983,570735.8288900983,original,158989.07541264108,0.005037815259212097,0.0005321436065741647,0.00557263970696753,0.00557263970696753,-0.00547263970696753,-0.004937815259212097,-0.0004321436065741647,-0.00547263970696753,True,12690499324.741377,,,
S175_SgrA*,S-stars,4297000.0,913743654163876.4,0.2608571828405913,230.2859286878837,2022.186379748036,181.92790371721048,0.0002,456805024067434.56,456713681331168.3,656.281,656.4122562,69555.54191854232,561666.5965564176,,1.0,Synthetic S-star: Distant S-star,1269049932474.1377,,0.0002,z,1269049932474.1377,r_emit_m,561666.5965564176,561666.5965564176,original,69555.54191854232,0.005037815259212097,0.00023376776090877627,0.005272760698913803,0.005272760698913803,-0.0050727606989138035,-0.004837815259212098,-3.376776090877626e-05,-0.0050727606989138035,True,12690499324.741377,,,
S300_SgrA*,S-stars,4297000.0,221228775747090.9,0.3391863554806539,27.434260935689128,2022.204406220407,212.13564619532715,5e-05,456805024067434.56,456782184958186.6,656.281,656.31381405,709863.1607093974,1324487.2523608988,,1.0,Synthetic S-star: Outer S-star,1269049932474.1377,,5e-05,z,1269049932474.1377,r_emit_m,1324487.2523608988,1324487.2523608988,original,709863.1607093974,0.005037815259212097,0.002377631304709027,0.007427424631188728,0.007427424631188728,-0.0073774246311887285,-0.004987815259212098,-0.002327631304709027,-0.0073774246311887285,True,12690499324.741377,,,
S1000_SgrA*,S-stars,4297000.0,847544365342261.4,0.2045491317746427,205.7190463601409,2023.40250516518,55.97261993224136,8e-05,456805024067434.56,456768482588827.4,656.281,656.33350248,487721.0466412721,740641.6361718538,,1.0,Synthetic S-star: Very distant S-star,1269049932474.1377,,8e-05,z,1269049932474.1377,r_emit_m,740641.6361718538,740641.6361718538,original,487721.0466412721,0.005037815259212097,0.001629918996168378,0.006675945486170676,0.006675945486170676,-0.0065959454861706755,-0.004957815259212097,-0.001549918996168378,-0.0065959454861706755,True,12690499324.741377,,,
M87_central,SMBH,6500000000.0,9.61491764986103e+16,0.100978363533788,1834.7125904213312,2028.071282732744,262.70344320977443,0.00428,456805024067434.56,454858230839441.75,656.281,659.08988268,1613071.7110972465,2766937.8505519493,,1.0,SMBH literature: M87* - EHT target,1795321431606523.8,,0.00428,z,1795321431606523.8,r_emit_m,2766937.8505519493,2766937.8505519493,original,1613071.7110972465,0.00538957475670232,0.005423451903893817,0.010842256760071445,0.010842256760071445,-0.006562256760071445,-0.00110957475670232,-0.0011434519038938168,-0.006562256760071445,True,19196705983434.707,,,
NGC_227_central,SMBH,100000000000.0,5.826052823092306e+16,0.2919347291938112,4406.809394875181,2028.617069003108,207.8467722924344,0.017,456805024067434.56,449169148542216.94,656.281,667.4377769999999,8211782.884170739,13805589.65995673,,1.0,SMBH literature: Object 227 - requested target,8.813304706814706e+16,,0.017,z,8.813304706814706e+16,r_emit_m,13805589.65995673,13805589.65995673,original,8211782.884170739,0.0016797232998639888,0.02848266271709199,0.030210229009164147,0.030210229009164147,-0.013210229009164146,0.015320276700136012,-0.011482662717091988,-0.013210229009164146,True,295333938206687.8,,,
TON_618_central,SMBH,66000000000.0,7.34114652593431e+16,0.0137473150966986,3051.0844808639217,2021.010014294097,100.07049711963316,2.219,456805024067434.56,141908985420141.22,656.281,2112.568539,1688036.241644389,5897426.073414115,,1.0,SMBH literature: Most massive known BH,3.512944778800721e+16,,2.219,z,3.512944778800721e+16,r_emit_m,5897426.073414115,5897426.073414115,original,1688036.241644389,0.002785915190486987,0.005825316585480023,0.008627460613931826,0.008627460613931826,2.210372539386068,2.216214084809513,2.21317468341452,2.210372539386068,True,194920399216414.0,,,
NGC_1277_central,SMBH,17000000000.0,6.721159998379602e+16,0.1094496536910252,4331.628704051944,2026.480353852466,219.28716204011576,0.0169,456805024067434.56,449213318976727.9,656.281,667.3721489,3117288.318093664,3670318.428155578,,1.0,SMBH literature: Overmassive BH,7243740515456438.0,,0.0169,z,7243740515456438.0,r_emit_m,3670318.428155578,3670318.428155578,original,3117288.318093664,0.0034836473966850523,0.010473886229441787,0.013994020952623254,0.013994020952623254,0.0029059790473767444,0.013416352603314946,0.006426113770558212,0.0029059790473767444,True,50206769495136.93,,,
NGC_4258_central,SMBH,39000000.0,2.540247833782873e+16,0.2187380393851047,2470.6224438573554,2025.5694974377463,246.4611303563549,0.0015,456805024067434.56,456120842803229.7,656.281,657.2654215,274806.48234464915,449030.340867464,,1.0,SMBH literature: Maser disk BH,25426607077967.336,,0.0015,z,25426607077967.336,r_emit_m,449030.340867464,449030.340867464,original,274806.48234464915,0.002272679081305906,0.0009177784948901646,0.0031925433921826674,0.0031925433921826674,-0.0016925433921826673,-0.0007726790813059061,0.0005822215051098354,-0.0016925433921826673,True,115180235900.60825,,,
3C_273_central,SMBH,880000000.0,8.585667281708286e+16,0.2327999734638734,3061.43264767694,2022.1098284358632,339.4474971606196,0.158,456805024067434.56,394477568279304.5,656.281,759.9733979999999,241022.8068117596,767117.779034893,,1.0,SMBH literature: First quasar,167488886951258.44,,0.158,z,167488886951258.44,r_emit_m,767117.779034893,767117.779034893,original,241022.8068117596,0.007850016659656456,0.0008072419970288625,0.00866359551981044,0.00866359551981044,0.14933640448018956,0.15014998334034355,0.15719275800297114,0.14933640448018956,True,2598938656218.853,,,
3C_279_central,SMBH,300000000.0,8.88730863825402e+16,0.0944033642395433,6898.947987653921,2022.6488016649805,88.78590276983404,0.536,456805024067434.56,297399104210569.4,656.281,1008.0476159999998,299272.42272109,640728.5114255309,,1.0,SMBH literature: Variable blazar,202038852748603.5,,0.536,z,202038852748603.5,r_emit_m,640728.5114255309,640728.5114255309,original,299272.42272109,0.002199890103411928,0.0010005515347639715,0.0032026427415952075,0.0032026427415952075,0.5327973572584048,0.5338001098965881,0.5349994484652361,0.5327973572584048,True,886001814620.0636,,,
Phoenix_A_central,SMBH,20000000000.0,6.052313207468357e+16,0.0788224825568805,6261.273912011865,2029.9753760649512,183.4294657235272,0.596,456805024067434.56,286218686759044.2,656.281,1047.424476,1276385.6377908976,4633708.554614963,,1.0,SMBH literature: Phoenix cluster BCG,2.681752050444326e+16,,0.596,z,2.681752050444326e+16,r_emit_m,4633708.554614963,4633708.554614963,original,1276385.6377908976,0.0011030948964505516,0.004377544232900599,0.005485467976053426,0.005485467976053426,0.5905145320239465,0.5948969051035494,0.5916224557670994,0.5905145320239465,True,59066787641337.57,,,
Cygnus_X1,stellar-bh,21.2,1818184709.564145,0.0188465501698938,1.1964913035065916,2020.63527706152,137.38294314235324,1e-05,456805024067434.56,456800456062873.9,656.281,656.2875628099999,487913.5263585231,1114650.0931261224,,1.0,Stellar BH: First confirmed BH,1295176.3601934568,,1e-05,z,1295176.3601934568,r_emit_m,1114650.0931261224,1114650.0931261224,original,487913.5263585231,0.025083963066189652,0.0016344276922397594,0.02675938868229588,0.02675938868229588,-0.026749388682295882,-0.025073963066189652,-0.0016244276922397593,-0.026749388682295882,True,62610.79489981782,,,
LMC_X1,stellar-bh,10.9,9965092422.160872,0.2116457380396548,9.810783776136182,2026.8171036902656,193.30931894716625,3e-05,456805024067434.56,456791320327824.8,656.281,656.3006884299999,130370.7705192686,192691.5676272499,,1.0,Stellar BH: LMC X-ray binary,853699.5731584722,,3e-05,z,853699.5731584722,r_emit_m,192691.5676272499,192691.5676272499,original,130370.7705192686,0.019404596886829273,0.00043507673468456964,0.019848116110165126,0.019848116110165126,-0.019818116110165127,-0.019374596886829274,-0.0004050767346845696,-0.019818116110165127,True,32191.39926452897,,,r_eff suspiciously small (8.537e+05 m)
GW150914_remnant,stellar-bh,62.0,7862597200.676361,0.2157516120478503,7.886264786305582,2020.1947674238584,334.47550185526217,0.09,456805024067434.56,419087178043517.94,656.281,715.34629,183899.59245028457,511792.03080515086,,1.0,Stellar BH: LIGO detection,3343322.507543331,,0.09,z,3343322.507543331,r_emit_m,511792.03080515086,511792.03080515086,original,183899.59245028457,0.028562742668325924,0.0006148810968595875,0.029195186455726718,0.029195186455726718,0.06080481354427328,0.06143725733167407,0.08938511890314041,0.06080481354427328,True,183107.04168814648,,,
GW190521_remnant,stellar-bh,142.0,8908496900.408657,0.3326662117444718,3.1751412540266144,2020.856534520679,174.95656679398095,0.82,456805024067434.56,250991771465623.4,656.281,1194.43142,1171214.5041285465,1365752.9621219186,,1.0,Stellar BH: Intermediate mass BH,2704178.9590087137,,0.82,z,2704178.9590087137,r_emit_m,1365752.9621219186,1365752.9621219186,original,1171214.5041285465,0.08791049541106433,0.003917168792041181,0.09217202445222261,0.09217202445222261,0.7278279755477773,0.7320895045889356,0.8160828312079588,0.7278279755477773,True,419374.19225349673,,,
PSR_J1748-2446ad,pulsar,1.97,163893777.40812927,0.1262205914540198,0.2389417838111543,2022.3800463436896,240.83200018666105,1e-05,456805024067434.56,456800456062873.9,656.281,656.2875628099999,184010.2155598072,1174389.266374344,,1.0,Pulsar: Fastest spinning,14527.10006503064,,1e-05,z,14527.10006503064,r_emit_m,1174389.266374344,1174389.266374344,original,184010.2155598072,0.29153084628140835,0.0006214695884405597,0.2923334934249051,0.2923334934249051,-0.2923234934249051,-0.29152084628140834,-0.0006114695884405596,-0.2923234934249051,True,5818.07858267175,,,r_eff suspiciously small (1.453e+04 m)
Vela_Pulsar,pulsar,1.4,292813126.6333947,0.026462369745005,0.945514240580671,2028.0749699776663,68.54756917027598,1e-05,456805024067434.56,456800456062873.9,656.281,656.2875628099999,426831.6250343089,586552.4823295154,,1.0,Pulsar: Vela SNR pulsar,12855.21546662642,,1e-05,z,12855.21546662642,r_emit_m,586552.4823295154,586552.4823295154,original,426831.6250343089,0.21413780651003478,0.0014256737804896336,0.21586877094667734,0.21586877094667734,-0.21585877094667733,-0.21412780651003477,-0.0014156737804896335,-0.21585877094667733,True,4134.67513489363,,,r_eff suspiciously small (1.286e+04 m)
Crab_Pulsar,pulsar,1.4,187237732.805941,0.0862102364812755,0.4335786230199208,2029.84165211366,35.430433614705194,1e-05,456805024067434.56,456800456062873.9,656.281,656.2875628099999,550053.5776395138,861219.3193954481,,1.0,Pulsar: Crab nebula pulsar,12335.123340183374,,1e-05,z,12335.123340183374,r_emit_m,861219.3193954481,861219.3193954481,original,550053.5776395138,0.22645877051233976,0.0018389150913109553,0.22871412405430558,0.22871412405430558,-0.22870412405430557,-0.22644877051233975,-0.0018289150913109553,-0.22870412405430557,True,4134.67513489363,,,r_eff suspiciously small (1.234e+04 m)
S4_SgrA*,S-stars,4297000.0,120000000000000.0,0.6836560790747302,10.959802046347548,2022.2321073814885,265.1296370990445,0.0008,456805024067434.56,456439872169698.8,656.281,656.8060247999999,357548.26347406965,1117256.4330152075,,1.0,Additional S-star: Short period S-star,1269049932474.1377,,0.0008,z,1269049932474.1377,r_emit_m,1117256.4330152075,1117256.4330152075,original,357548.26347406965,0.005037815259212097,0.0011996053781986316,0.006243464027690049,0.006243464027690049,-0.0054434640276900485,-0.004237815259212097,-0.0003996053781986315,-0.0054434640276900485,True,12690499324.741377,,,
S5_SgrA*,S-stars,4297000.0,85000000000000.0,0.7060196924537467,6.533700601178763,2024.2192181968528,10.726998997705325,0.0012,456805024067434.56,456257515049375.25,656.281,657.0685372,415497.557525934,2450574.7269805945,,1.0,Additional S-star: Very close S-star,1269049932474.1377,,0.0012,z,1269049932474.1377,r_emit_m,2450574.7269805945,2450574.7269805945,original,415497.557525934,0.005037815259212097,0.0014194077269904515,0.006464373700108661,0.006464373700108661,-0.005264373700108661,-0.0038378152592120976,-0.00021940772699045158,-0.005264373700108661,True,12690499324.741377,,,
S9_SgrA*,S-stars,4297000.0,180000000000000.0,0.62696488836193,20.1344420215968,2028.0943045667784,2.339553484101966,0.0006,456805024067434.56,456531105404192.06,656.281,656.6747686,620647.8267929187,1086164.155726025,,1.0,Additional S-star: Eccentric S-star,1269049932474.1377,,0.0006,z,1269049932474.1377,r_emit_m,1086164.155726025,1086164.155726025,original,620647.8267929187,0.005037815259212097,0.002076835219032347,0.007125113190401766,0.007125113190401766,-0.006525113190401766,-0.0044378152592120974,-0.001476835219032347,-0.006525113190401766,True,12690499324.741377,,,
HLX-1,IMBH,20000.0,43316287040.51944,0.083802812308595,0.0011017304542566,2026.09131005667,61.60991335131492,0.126,456805024067434.56,405688298461309.6,656.281,738.9724059999998,4687737.711524331,7580082.686041875,,1.0,IMBH: Hyper-luminous X-ray source,10049624426.031685,,0.126,z,10049624426.031685,r_emit_m,7580082.686041875,7580082.686041875,original,4687737.711524331,0.0029517741821285526,0.01596141519754979,0.018960303872968653,0.018960303872968653,0.10703969612703135,0.12304822581787145,0.11003858480245021,0.10703969612703135,True,59066787.641337566,,,
ESO_243-49_HLX-1,IMBH,20000.0,75621411815.53143,0.0653609975047713,0.0025413570844704,2025.5694974377463,246.4611303563549,0.0223,456805024067434.56,446840481333693.2,656.281,670.9160663,3606827.0788622,5893510.148862864,,1.0,IMBH: Off-center IMBH,13039285681.008892,,0.0223,z,13039285681.008892,r_emit_m,5893510.148862864,5893510.148862864,original,3606827.0788622,0.002272679081305906,0.012226692528799044,0.014527158958448805,0.014527158958448805,0.007772841041551196,0.020027320918694094,0.010073307471200957,0.007772841041551196,True,59066787.641337566,,,
M82_X-1,IMBH,400.0,85856672817.08287,0.3103999646184979,0.0217392523425704,2022.677408759757,75.95382369107753,0.000677,456805024067434.56,456495976291485.2,656.281,656.725302237,142983.8028982274,405786.1658816575,,1.0,IMBH: Ultraluminous X-ray source,180828992.0785916,,0.000677,z,180828992.0785916,r_emit_m,405786.1658816575,405786.1658816575,original,142983.8028982274,0.003282536674856118,0.00047785912479603176,0.003761964389754624,0.003761964389754624,-0.003084964389754624,-0.002605536674856118,0.0001991408752039682,-0.003084964389754624,True,1181335.7528267512,,,
NGC_1313_X-1,IMBH,5000.0,94861874290.15488,0.3505470505890675,0.0071411156668882,2029.1454758974053,165.18666693146358,0.00144,456805024067434.56,456148170701624.2,656.281,657.22604464,911812.1949202748,2189195.939258316,,1.0,IMBH: IMBH candidate,2829373646.078576,,0.00144,z,2829373646.078576,r_emit_m,2189195.939258316,2189195.939258316,original,911812.1949202748,0.0026197937457270726,0.0030682225760394477,0.005696054432081654,0.005696054432081654,-0.004256054432081654,-0.0011797937457270725,-0.0016282225760394476,-0.004256054432081654,True,14766696.910334392,,,
NGC_5408_X-1,IMBH,1000.0,33839214984.82472,0.0986510030775933,0.0034020754200232,2028.9782288360248,143.784181850543,0.00467,456805024067434.56,454681660711909.94,656.281,659.34583227,709793.0759216555,1250364.8002161966,,1.0,IMBH: Dwarf galaxy IMBH,893726747.4109904,,0.00467,z,893726747.4109904,r_emit_m,1250364.8002161966,1250364.8002161966,original,709793.0759216555,0.0016563670807792086,0.002376333210904358,0.004036636371786972,0.004036636371786972,0.0006333636282130272,0.003013632919220791,0.002293666789095642,0.0006333636282130272,True,2953339.3820668785,,,
IC_10_X-1,IMBH,23.0,29738868324.1555,0.3990150425980441,0.0184814591537301,2021.0964913035064,225.8805750131124,0.000348,456805024067434.56,456646111220729.75,656.281,656.509385788,24062.17906134664,174752.24976391683,,1.0,IMBH: Wolf-Rayet IMBH,18971062.40676932,,0.000348,z,18971062.40676932,r_emit_m,174752.24976391683,174752.24976391683,original,24062.17906134664,0.001795096176572919,8.043269602753256e-05,0.0018756732570255341,0.0018756732570255341,-0.0015276732570255341,-0.001447096176572919,0.00026756730397246744,-0.0015276732570255341,True,67926.80578753821,,,
M33_X-7,IMBH,16.0,81287142792.66676,0.1688639867198736,0.1001350950434835,2025.2911434509915,349.58821594090256,5.4e-05,456805024067434.56,456780357928106.4,656.281,656.3164391739999,100141.1233092254,111652.85609817224,,1.0,IMBH: Eclipsing IMBH,3713527.415956323,,5.4e-05,z,3713527.415956323,r_emit_m,111652.85609817224,111652.85609817224,original,100141.1233092254,0.006423707705609516,0.0003341042085438506,0.006759958101932195,0.006759958101932195,-0.006705958101932195,-0.006369707705609516,-0.0002801042085438506,-0.006705958101932195,True,47253.430113070055,,,
NGC_300_X-1,IMBH,20.0,87470173201.10483,0.0045924087771278,0.0999743294120904,2022.668251899525,230.7462474887309,0.00048,456805024067434.56,456585862853265.0,656.281,656.59601488,77570.59202551705,146476.71591567757,,1.0,IMBH: Spiral galaxy IMBH,22110164.575749066,,0.00048,z,22110164.575749066,r_emit_m,146476.71591567757,146476.71591567757,original,77570.59202551705,0.0013384205752819955,0.00025886703625332963,0.0015976340845029746,0.0015976340845029746,-0.0011176340845029747,-0.0008584205752819956,0.00022113296374667038,-0.0011176340845029747,True,59066.78764133757,,,
PSR_J1614-2230,pulsar,1.97,200396956.2362888,0.0434765250669105,0.0463723706329206,2025.005861130503,64.31467699084729,1e-05,456805024067434.56,456800456062873.9,656.281,656.2875628099999,332870.7954041243,1071318.8063630983,,1.0,Precision pulsar: Massive neutron star,14769.0796376054,,1e-05,z,14769.0796376054,r_emit_m,1071318.8063630983,1071318.8063630983,original,332870.7954041243,0.2845201223398339,0.0011167296834602158,0.28595458408945285,0.28595458408945285,-0.28594458408945284,-0.2845101223398339,-0.0011067296834602158,-0.28594458408945284,True,5818.07858267175,,,r_eff suspiciously small (1.477e+04 m)
PSR_J0952-0607,pulsar,2.35,921365055.4103384,0.0870518569836766,0.0308444791448632,2027.625108000752,194.17645084306525,1e-05,456805024067434.56,456800456062873.9,656.281,656.2875628099999,104035.6220123237,468056.6868544456,,1.0,Precision pulsar: Most massive NS known,13194.747474330026,,1e-05,z,13194.747474330026,r_emit_m,468056.6868544456,468056.6868544456,original,104035.6220123237,0.4524718275846684,0.0003482446869531586,0.45297764318157396,0.45297764318157396,-0.45296764318157395,-0.4524618275846684,-0.00033824468695315855,-0.45296764318157395,True,6940.3475478571645,,,r_eff suspiciously small (1.319e+04 m)
PSR_J1738+0333,pulsar,1.46,800763830.7675024,0.0530353672195177,0.0010571896127943,2028.787218778232,299.3995905700246,1e-05,456805024067434.56,456800456062873.9,656.281,656.2875628099999,211448.7607267108,250745.9423910645,,1.0,Precision pulsar: White dwarf binary,11620.780285023366,,1e-05,z,11620.780285023366,r_emit_m,250745.9423910645,250745.9423910645,original,211448.7607267108,0.2609314959883007,0.000705667173586555,0.261821293953161,0.261821293953161,-0.261811293953161,-0.26092149598830067,-0.0006956671735865549,-0.261811293953161,True,4311.875497817642,,,r_eff suspiciously small (1.162e+04 m)
PSR_J0030+0451,pulsar,1.44,376762712.8623953,0.0057925166494187,0.088800959920404,2020.692125184684,273.81677949260336,1e-05,456805024067434.56,456800456062873.9,656.281,656.2875628099999,188971.0657263589,386608.05092720926,,1.0,Precision pulsar: NICER target,14734.74722648997,,1e-05,z,14734.74722648997,r_emit_m,386608.05092720926,386608.05092720926,original,188971.0657263589,0.18563371631874248,0.0006311716663218725,0.18638205472711888,0.18638205472711888,-0.18637205472711887,-0.18562371631874247,-0.0006211716663218725,-0.18637205472711887,True,4252.808710176305,,,r_eff suspiciously small (1.473e+04 m)
PSR_J0740+6620,pulsar,2.08,789250986.376289,0.0128391464499762,0.0485282378098731,2024.2313794020088,76.24735395914954,1e-05,456805024067434.56,456800456062873.9,656.281,656.2875628099999,298497.1527121309,374081.69322743575,,1.0,Precision pulsar: Heavy neutron star,12749.01796747472,,1e-05,z,12749.01796747472,r_emit_m,374081.69322743575,374081.69322743575,original,298497.1527121309,0.3892062018353435,0.0009964586078721194,0.3905904883132716,0.3905904883132716,-0.3905804883132716,-0.3891962018353435,-0.0009864586078721193,-0.3905804883132716,True,6142.945914699108,,,r_eff suspiciously small (1.275e+04 m)
PSR_J1909-3744,pulsar,1.54,585366479.9015125,0.0729931069089976,0.0211151063389695,2024.3810008391447,186.32730277281263,1e-05,456805024067434.56,456800456062873.9,656.281,656.2875628099999,365407.608447921,589459.8589503859,,1.0,Precision pulsar: Precision timing,11558.581456504477,,1e-05,z,11558.581456504477,r_emit_m,589459.8589503859,589459.8589503859,original,365407.608447921,0.28404329545538065,0.0012208039678343052,0.2856108606053436,0.2856108606053436,-0.28560086060534357,-0.28403329545538064,-0.0012108039678343052,-0.28560086060534357,True,4548.142648382993,,,r_eff suspiciously small (1.156e+04 m)
PSR_J1713+0747,pulsar,1.31,208903776.2814392,0.0224697337031557,0.0348085562147455,2020.7099308600905,227.1970646172356,1e-05,456805024067434.56,456800456062873.9,656.281,656.2875628099999,154961.2656886711,561100.3119630519,,1.0,Precision pulsar: Long-term timing,12941.543592286169,,1e-05,z,12941.543592286169,r_emit_m,561100.3119630519,561100.3119630519,original,154961.2656886711,0.19433320388577835,0.0005186475516381073,0.1949526418778138,0.1949526418778138,-0.1949426418778138,-0.19432320388577834,-0.0005086475516381072,-0.1949426418778138,True,3868.8745905076107,,,r_eff suspiciously small (1.294e+04 m)
PSR_J2317+1439,pulsar,1.29,306047605.4300389,0.0905420013006128,0.0869635400253746,2022.1423680737043,47.632265541009,1e-05,456805024067434.56,456800456062873.9,656.281,656.2875628099999,294071.7832004269,462972.3136449845,,1.0,Precision pulsar: Globular cluster,10354.286749443268,,1e-05,z,10354.286749443268,r_emit_m,462972.3136449845,462972.3136449845,original,294071.7832004269,0.2578317605544458,0.00098211150046712,0.25906709159213914,0.25906709159213914,-0.25905709159213913,-0.2578217605544458,-0.0009721115004671199,-0.25905709159213913,True,3809.8078028662735,,,r_eff suspiciously small (1.035e+04 m)
PSR_J0437-4715,pulsar,1.76,941962816.522604,0.0571043093325284,0.0482671026311794,2020.969308142288,155.1784256662959,1e-05,456805024067434.56,456800456062873.9,656.281,656.2875628099999,113557.22051463772,450038.2492112735,,1.0,Precision pulsar: Nearby millisecond,13923.097121453768,,1e-05,z,13923.097121453768,r_emit_m,450038.2492112735,450038.2492112735,original,113557.22051463772,0.2632221667113732,0.0003799132935449201,0.2637020816052076,0.2637020816052076,-0.2636920816052076,-0.2632121667113732,-0.00036991329354492007,-0.2636920816052076,True,5197.877312437706,,,r_eff suspiciously small (1.392e+04 m)
PSR_J1012+5307,pulsar,1.64,481220760.7179287,0.0467024668036675,0.073907584945985,2024.026212821023,122.14893794218672,1e-05,456805024067434.56,456800456062873.9,656.281,656.2875628099999,119252.60130023502,667206.0335043918,,1.0,Precision pulsar: Helium white dwarf,13366.822736466507,,1e-05,z,13366.822736466507,r_emit_m,667206.0335043918,667206.0335043918,original,119252.60130023502,0.2523018760161393,0.00040026141300808504,0.2528031241345461,0.2528031241345461,-0.2527931241345461,-0.2522918760161393,-0.000390261413008085,-0.2527931241345461,True,4843.476586589681,,,r_eff suspiciously small (1.337e+04 m)
GW170817,NS-merger,2.74,87550528.2717512,0.0248656333920285,0.0002902089084408,2022.498064478821,332.3756157393646,0.009,456805024067434.56,452730450017279.1,656.281,662.1875289999998,467760.82140147407,1448911.0685110984,,1.0,LIGO/Virgo: First NS merger,131216.95151720298,,0.009,z,131216.95151720298,r_emit_m,1448911.0685110984,1448911.0685110984,original,467760.82140147407,0.032338680292310684,0.0015719797514464062,0.033961495794365026,0.033961495794365026,-0.024961495794365025,-0.023338680292310683,0.007428020248553593,-0.024961495794365025,True,8092.149906863247,,,r_eff suspiciously small (1.312e+05 m)
GW190425,NS-merger,3.4,49881767.05481113,0.086134910476183,0.0006503253124498,2029.689962572848,333.49211388292593,0.04,456805024067434.56,439235600064840.94,656.281,682.5322399999999,2311537.427423732,3006596.094782525,,1.0,LIGO/Virgo: Heavy NS merger,62906.15249313563,,0.04,z,62906.15249313563,r_emit_m,3006596.094782525,3006596.094782525,original,2311537.427423732,0.09084556610227357,0.00776114015345275,0.09931177142656589,0.09931177142656589,-0.059311771426565886,-0.050845566102273566,0.03223885984654725,-0.059311771426565886,True,10041.353899027386,,,r_eff suspiciously small (6.291e+04 m)
GW200105,NSBH-merger,8.9,86382616.09728749,0.0166311110603914,0.0005856411254507,2023.789731189769,354.7111837607013,0.28,456805024067434.56,356878925052683.25,656.281,840.03968,380549.5672465419,2590388.1230429686,,1.0,LIGO/Virgo: NS-BH merger,271880.8029310971,,0.28,z,271880.8029310971,r_emit_m,2590388.1230429686,2590388.1230429686,original,380549.5672465419,0.052152168059285575,0.0013067562245423492,0.053527074454062795,0.053527074454062795,0.22647292554593723,0.22784783194071445,0.2786932437754577,0.22647292554593723,True,26284.720500395222,,,r_eff suspiciously small (2.719e+05 m)
GW200115,NSBH-merger,5.7,33868275.235493675,0.0784070601948569,0.0005550083673391,2025.557683234056,258.62697910667737,0.33,456805024067434.56,343462424110853.06,656.281,872.8537299999999,4145782.0584680536,4625243.331542482,,1.0,LIGO/Virgo: NS-BH merger,262193.2374768548,,0.33,z,262193.2374768548,r_emit_m,4625243.331542482,4625243.331542482,original,4145782.0584680536,0.03373582392569707,0.01394952170403152,0.048155944237783466,0.048155944237783466,0.28184405576221655,0.29626417607430294,0.3160504782959685,0.28184405576221655,True,16834.03447778121,,,r_eff suspiciously small (2.622e+05 m)
GW190412,BH-merger,30.1,23931714.274665773,0.0296707825494564,0.0010687093649691,2020.571652729075,210.30393400522965,0.26,456805024067434.56,362543669894789.3,656.281,826.91406,6957611.116093185,9962494.129091147,,1.0,LIGO/Virgo: Asymmetric mass ratio,1731640.8385449746,,0.26,z,1731640.8385449746,r_emit_m,9962494.129091147,9962494.129091147,original,6957611.116093185,0.026700539079582475,0.023773535269735913,0.051108840556847834,0.051108840556847834,0.20889115944315217,0.23329946092041753,0.2362264647302641,0.20889115944315217,True,88895.51540021304,,,
GW190814,BH-merger,25.6,55256534.462756224,0.0852719892048285,0.0002574327279394,2025.9503510645,243.0765192974725,0.24,456805024067434.56,368391148441479.5,656.281,813.7884399999999,1053016.071144557,4234763.143788601,,1.0,LIGO/Virgo: Possible NS-BH,2194031.3913042136,,0.24,z,2194031.3913042136,r_emit_m,4234763.143788601,4234763.143788601,original,1053016.071144557,0.017688294861754272,0.0036126159299891825,0.021364811807535355,0.021364811807535355,0.21863518819246464,0.22231170513824572,0.2363873840700108,0.21863518819246464,True,75605.48818091209,,,
GW191204,BH-merger,44.0,31168350.55008381,0.0119886613947124,0.0009902873141294,2024.1922491533587,210.1220241448409,0.29,456805024067434.56,354112421757701.2,656.281,846.60249,6498559.815057446,10912683.42385032,,1.0,LIGO/Virgo: Intermediate mass,1449607.895457496,,0.29,z,1449607.895457496,r_emit_m,10912683.42385032,10912683.42385032,original,6498559.815057446,0.04807916577221172,0.02235440564606983,0.0715083525930782,0.0715083525930782,0.21849164740692179,0.24192083422778826,0.26764559435393015,0.21849164740692179,True,129946.93281094264,,,
GW200129,BH-merger,34.0,57050444.3978763,0.0934706257736427,0.0003042591994235,2026.7169022296,107.9989487275544,0.31,456805024067434.56,348706125242316.44,656.281,859.72811,2294841.5415478675,5508121.898106479,,1.0,LIGO/Virgo: Spinning black holes,2299951.5277784285,,0.31,z,2299951.5277784285,r_emit_m,5508121.898106479,5508121.898106479,original,2294841.5415478675,0.022571320200961198,0.007824888225461235,0.030572826484096094,0.030572826484096094,0.2794271735159039,0.2874286797990388,0.30217511177453876,0.2794271735159039,True,100413.53899027385,,,
EMRI_SgrA_1,EMRI,4297000.0,38455947664466.86,0.7014915939315217,1.988273472166032,2029.960964478551,26.37385959586788,0.0001,456805024067434.56,456759348132621.3,656.281,656.3466280999999,2523604.668301082,2807862.714020869,,1.0,EMRI: Stellar object around Sgr A*,1048798721707.591,,0.0001,z,1048798721707.591,r_emit_m,2807862.714020869,2807862.714020869,original,2523604.668301082,0.006105480181034295,0.008462072387491304,0.014619217583777822,0.014619217583777822,-0.014519217583777822,-0.006005480181034295,-0.008362072387491305,-0.014519217583777822,True,12690499324.741377,,,
EMRI_SgrA_2,EMRI,4297000.0,29183888104033.64,0.3121603318003211,1.3144545323973635,2023.695270887389,56.78885964860351,0.0002,456805024067434.56,456713681331168.3,656.281,656.4122562,3339961.8355674814,4157200.042222311,,1.0,EMRI: Compact object inspiral,5964112344044.043,,0.0002,z,5964112344044.043,r_emit_m,4157200.042222311,4157200.042222311,original,3339961.8355674814,0.0010656059778952898,0.011238144480024914,0.012315725891858476,0.012315725891858476,-0.012115725891858475,-0.0008656059778952898,-0.011038144480024914,-0.012115725891858475,True,12690499324.741377,,,
EMRI_M87_1,EMRI,6500000000.0,85037045917582.62,0.6628319400698968,0.1681005316240029,2020.0782310715213,294.1574886415662,0.004,456805024067434.56,454985083732504.56,656.281,658.906124,62366019.978752986,100076887.0644797,,1.0,EMRI: Object around M87*,6243824500532131.0,,0.004,z,6243824500532131.0,r_emit_m,100076887.0644797,100076887.0644797,original,62366019.978752986,0.001540809247590813,0.28154434189919475,0.2835189572723906,0.2835189572723906,-0.2795189572723906,0.002459190752409187,-0.27754434189919475,-0.2795189572723906,True,19196705983434.707,,,
EMRI_NGC1277_1,EMRI,17000000000.0,36944087697998.016,0.6307109719728619,0.0297650404387713,2021.0703597770944,199.1605107185337,0.017,456805024067434.56,449169148542216.94,656.281,667.4377769999999,26957843.45066268,140155099.86637214,,1.0,EMRI: Object around NGC 1277,2.3723627500413104e+16,,0.017,z,2.3723627500413104e+16,r_emit_m,140155099.86637214,140155099.86637214,original,26957843.45066268,0.00105984214389232,0.23295797853702993,0.23426471936433169,0.23426471936433169,-0.21726471936433167,0.01594015785610768,-0.21595797853702992,-0.21726471936433167,True,50206769495136.93,,,
XTE_J1550-564,stellar-bh,9.1,3451133910.833347,0.1814489481090671,0.0011615436591567,2022.639839016304,175.87146677377555,1e-05,456805024067434.56,456800456062873.9,656.281,656.2875628099999,216232.65837847008,356002.7785886816,,1.0,Stellar BH: Transient black hole,616529.597716199,,1e-05,z,616529.597716199,r_emit_m,356002.7785886816,356002.7785886816,original,216232.65837847008,0.022535191801741128,0.0007219800948354838,0.02327344185649083,0.02327344185649083,-0.02326344185649083,-0.02252519180174113,-0.0007119800948354837,-0.02326344185649083,True,26875.38837680859,,,r_eff suspiciously small (6.165e+05 m)
GRO_J1655-40,stellar-bh,7.0,9148028419.71391,0.2538311139884566,0.0057155200889708,2020.0354568908776,277.60292028706573,1e-05,456805024067434.56,456800456062873.9,656.281,656.2875628099999,72890.1226441535,226828.82518878,,1.0,Stellar BH: Superluminal jets,151069.9008024184,,1e-05,z,151069.9008024184,r_emit_m,226828.82518878,226828.82518878,original,72890.1226441535,0.0763560664655416,0.00024342158435164407,0.07661807476456706,0.07661807476456706,-0.07660807476456706,-0.07634606646554161,-0.00023342158435164407,-0.07660807476456706,True,20673.37567446815,,,r_eff suspiciously small (1.511e+05 m)
4U_1543-47,stellar-bh,9.4,6734020395.712417,0.0785865787303044,0.0031150228173965,2020.096696996084,27.087789626556138,1e-05,456805024067434.56,456800456062873.9,656.281,656.2875628099999,147649.01496757352,333934.57013575296,,1.0,Stellar BH: X-ray binary,653246.9626719933,,1e-05,z,653246.9626719933,r_emit_m,333934.57013575296,333934.57013575296,original,147649.01496757352,0.021950948856386487,0.0004931247777766323,0.02245489819093982,0.02245489819093982,-0.02244489819093982,-0.021940948856386488,-0.0004831247777766323,-0.02244489819093982,True,27761.390191428658,,,r_eff suspiciously small (6.532e+05 m)
XTE_J1859+226,stellar-bh,7.8,8947957539.701286,0.2711785714679679,0.0052378383172545,2021.480937855675,45.88038694156995,1e-05,456805024067434.56,456800456062873.9,656.281,656.2875628099999,176595.74919366094,312002.4052639583,,1.0,Stellar BH: Fast X-ray transient,429386.326979474,,1e-05,z,429386.326979474,r_emit_m,312002.4052639583,312002.4052639583,original,176595.74919366094,0.027954338771615905,0.0005896018897915134,0.028560422592375012,0.028560422592375012,-0.028550422592375013,-0.027944338771615906,-0.0005796018897915134,-0.028550422592375013,True,23036.04718012165,,,r_eff suspiciously small (4.294e+05 m)
GS_2000+25,stellar-bh,7.5,3774325149.371203,0.269694446622777,0.0014633285722817,2022.1007653833976,89.8307061202528,1e-05,456805024067434.56,456800456062873.9,656.281,656.2875628099999,391361.6838226835,477771.5930714453,,1.0,Stellar BH: Soft X-ray transient,551603.8560714532,,1e-05,z,551603.8560714532,r_emit_m,477771.5930714453,477771.5930714453,original,391361.6838226835,0.0207035083620013,0.0013067136189899298,0.022037275537328815,0.022037275537328815,-0.022027275537328816,-0.0206935083620013,-0.0012967136189899297,-0.022027275537328816,True,22150.045365501588,,,r_eff suspiciously small (5.516e+05 m)
Nova_Sco_1994,stellar-bh,6.9,1925142595.0460703,0.2340348725614328,0.0005557549342261,2021.545533383322,334.7571656497228,1e-05,456805024067434.56,456800456062873.9,656.281,656.2875628099999,289307.0855639829,484983.9398065288,,1.0,Stellar BH: X-ray nova,552313.5548474505,,1e-05,z,552313.5548474505,r_emit_m,484983.9398065288,484983.9398065288,original,289307.0855639829,0.018974599006365445,0.0009663343565211591,0.019959269169807614,0.019959269169807614,-0.019949269169807615,-0.018964599006365445,-0.000956334356521159,-0.019949269169807615,True,20378.04173626146,,,r_eff suspiciously small (5.523e+05 m)
SAX_J1819.3-2525,stellar-bh,7.1,8781451265.979675,0.2928618098792888,0.0053374495949644,2027.3656447175508,119.58676846071432,1e-05,456805024067434.56,456800456062873.9,656.281,656.2875628099999,36925.42938237118,308150.79652803903,,1.0,Stellar BH: Galactic plane BH,529864.4670033519,,1e-05,z,529864.4670033519,r_emit_m,308150.79652803903,308150.79652803903,original,36925.42938237118,0.02039420409369197,0.00012369830897784873,0.020520425131229203,0.020520425131229203,-0.020510425131229203,-0.02038420409369197,-0.00011369830897784873,-0.020510425131229203,True,20968.709612674833,,,r_eff suspiciously small (5.299e+05 m)
XTE_J1752-223,stellar-bh,9.5,9377342974.434929,0.2406705416811416,0.0050918009294336,2027.8737450913547,38.91442550506456,1e-05,456805024067434.56,456800456062873.9,656.281,656.2875628099999,104057.49517650672,331980.53470241866,,1.0,Stellar BH: Outbursting BH,746353.7725098422,,1e-05,z,746353.7725098422,r_emit_m,331980.53470241866,331980.53470241866,original,104057.49517650672,0.019342953899242232,0.00034771178744885667,0.01969739145976601,0.01969739145976601,-0.019687391459766012,-0.019332953899242233,-0.00033771178744885664,-0.019687391459766012,True,28056.724129635342,,,r_eff suspiciously small (7.464e+05 m)
S2 orbit phase 1/10 | f_emit=1.164e+14 Hz,nan,4300000.0,,,,,,,116424255533980.58,116424255533980.58,,,,,,,S2_star_synthetic,18000000000000.004,15.07979461898985,,z,18000000000000.004,r_emit_m,,,vis_viva_orbital,,0.00035294675096508854,,0.00035294675096508854,0.00035294675096508854,,,,,True,12699359342.887577,,,
S2 orbit phase 2/10 | f_emit=1.229e+14 Hz,nan,4300000.0,,,,,,,122892269730312.84,121758222484913.34,,,,,,,S2_star_synthetic,19767106162636.047,15.274402250209365,,z,19767106162636.047,r_emit_m,,,vis_viva_orbital,,0.0003213794051348806,,0.0003213794051348806,0.0003213794051348806,,,,,True,12699359342.887577,,,
S2 orbit phase 3/10 | f_emit=1.294e+14 Hz,nan,4300000.0,,,,,,,129360283926645.1,127698392668137.44,,,,,,,S2_star_synthetic,26605134064163.664,15.891770611371244,,z,26605134064163.664,r_emit_m,,,vis_viva_orbital,,0.00023874917216160085,,0.00023874917216160085,0.00023874917216160085,,,,,True,12699359342.887577,,,
S2 orbit phase 4/10 | f_emit=1.358e+14 Hz,nan,4300000.0,,,,,,,135828298122977.34,134506039444507.69,,,,,,,S2_star_synthetic,46479363670483.34,17.05114406378415,,z,46479363670483.34,r_emit_m,,,vis_viva_orbital,,0.0001366408796994456,,0.0001366408796994456,0.0001366408796994456,,,,,True,12699359342.887577,,,
S2 orbit phase 5/10 | f_emit=1.423e+14 Hz,nan,4300000.0,,,,,,,142296312319309.6,141756208073520.9,,,,,,,S2_star_synthetic,117473468555923.64,18.97795474927156,,z,117473468555923.64,r_emit_m,,,vis_viva_orbital,,5.405641474220957e-05,,5.405641474220957e-05,5.405641474220957e-05,,,,,True,12699359342.887577,,,
S2 orbit phase 6/10 | f_emit=1.488e+14 Hz,nan,4300000.0,,,,,,,148764326515641.84,148764326515641.84,,,,,,,S2_star_synthetic,282000000000000.06,20.79772416633865,,z,282000000000000.06,r_emit_m,,,vis_viva_orbital,,2.2517355103612857e-05,,2.2517355103612857e-05,2.2517355103612857e-05,,,,,True,12699359342.887577,,,
S2 orbit phase 7/10 | f_emit=1.552e+14 Hz,nan,4300000.0,,,,,,,155232340711974.1,155823790267811.34,,,,,,,S2_star_synthetic,117473468555923.69,18.97795474927156,,z,117473468555923.69,r_emit_m,,,vis_viva_orbital,,5.405641474220957e-05,,5.405641474220957e-05,5.405641474220957e-05,,,,,True,12699359342.887577,,,
S2 orbit phase 8/10 | f_emit=1.617e+14 Hz,nan,4300000.0,,,,,,,161700354908306.38,163289946710073.34,,,,,,,S2_star_synthetic,46479363670483.36,17.05114406378415,,z,46479363670483.36,r_emit_m,,,vis_viva_orbital,,0.0001366408796994456,,0.0001366408796994456,0.0001366408796994456,,,,,True,12699359342.887577,,,
S2 orbit phase 9/10 | f_emit=1.682e+14 Hz,nan,4300000.0,,,,,,,168168369104638.6,170356944361797.78,,,,,,,S2_star_synthetic,26605134064163.664,15.891770611371244,,z,26605134064163.664,r_emit_m,,,vis_viva_orbital,,0.00023874917216160085,,0.00023874917216160085,0.00023874917216160085,,,,,True,12699359342.887577,,,
S2 orbit phase 10/10 | f_emit=1.746e+14 Hz,nan,4300000.0,,,,,,,174636383300970.84,176262933897613.56,,,,,,,S2_star_synthetic,19767106162636.047,15.274402250209365,,z,19767106162636.047,r_emit_m,,,vis_viva_orbital,,0.0003213794051348806,,0.0003213794051348806,0.0003213794051348806,,,,,True,12699359342.887577,,,
Pulsar timing epoch 1/12 | t=0 days,nan,1.4,,,,,,,641930000000.0,641930000000.0,,,,,,,PSR_B1937+21_synthetic,3.40596e+19,76.15664798113379,,z,3.40596e+19,r_emit_m,,,vis_viva_orbital,,2.220446049250313e-16,,2.220446049250313e-16,2.220446049250313e-16,,,,,True,4134.67513489363,,,
Pulsar timing epoch 2/12 | t=30 days,nan,1.4,,,,,,,641929999888.544,641898300758.4613,,,,,,,PSR_B1937+21_synthetic,3.40596e+19,76.15664798113379,,z,3.40596e+19,r_emit_m,,,vis_viva_orbital,,2.220446049250313e-16,,2.220446049250313e-16,2.220446049250313e-16,,,,,True,4134.67513489363,,,
Pulsar timing epoch 3/12 | t=60 days,nan,1.4,,,,,,,641929999777.0879,641874858260.8539,,,,,,,PSR_B1937+21_synthetic,3.40596e+19,76.15664798113379,,z,3.40596e+19,r_emit_m,,,vis_viva_orbital,,2.220446049250313e-16,,2.220446049250313e-16,2.220446049250313e-16,,,,,True,4134.67513489363,,,
Pulsar timing epoch 4/12 | t=90 days,nan,1.4,,,,,,,641929999665.632,641865778598.3777,,,,,,,PSR_B1937+21_synthetic,3.40596e+19,76.15664798113379,,z,3.40596e+19,r_emit_m,,,vis_viva_orbital,,2.220446049250313e-16,,2.220446049250313e-16,2.220446049250313e-16,,,,,True,4134.67513489363,,,
Pulsar timing epoch 5/12 | t=120 days,nan,1.4,,,,,,,641929999554.176,641873426742.164,,,,,,,PSR_B1937+21_synthetic,3.40596e+19,76.15664798113379,,z,3.40596e+19,r_emit_m,,,vis_viva_orbital,,2.220446049250313e-16,,2.220446049250313e-16,2.220446049250313e-16,,,,,True,4134.67513489363,,,
Pulsar timing epoch 6/12 | t=150 days,nan,1.4,,,,,,,641929999442.72,641895810533.9105,,,,,,,PSR_B1937+21_synthetic,3.40596e+19,76.15664798113379,,z,3.40596e+19,r_emit_m,,,vis_viva_orbital,,2.220446049250313e-16,,2.220446049250313e-16,2.220446049250313e-16,,,,,True,4134.67513489363,,,
Pulsar timing epoch 7/12 | t=180 days,nan,1.4,,,,,,,641929999331.2639,641927099587.8512,,,,,,,PSR_B1937+21_synthetic,3.40596e+19,76.15664798113379,,z,3.40596e+19,r_emit_m,,,vis_viva_orbital,,2.220446049250313e-16,,2.220446049250313e-16,2.220446049250313e-16,,,,,True,4134.67513489363,,,
Pulsar timing epoch 8/12 | t=210 days,nan,1.4,,,,,,,641929999219.808,641959143944.489,,,,,,,PSR_B1937+21_synthetic,3.40596e+19,76.15664798113379,,z,3.40596e+19,r_emit_m,,,vis_viva_orbital,,2.220446049250313e-16,,2.220446049250313e-16,2.220446049250313e-16,,,,,True,4134.67513489363,,,
Pulsar timing epoch 9/12 | t=240 days,nan,1.4,,,,,,,641929999108.3519,641983596908.9326,,,,,,,PSR_B1937+21_synthetic,3.40596e+19,76.15664798113379,,z,3.40596e+19,r_emit_m,,,vis_viva_orbital,,2.220446049250313e-16,,2.220446049250313e-16,2.220446049250313e-16,,,,,True,4134.67513489363,,,
Pulsar timing epoch 10/12 | t=270 days,nan,1.4,,,,,,,641929998996.896,641994089133.3433,,,,,,,PSR_B1937+21_synthetic,3.40596e+19,76.15664798113379,,z,3.40596e+19,r_emit_m,,,vis_viva_orbital,,2.220446049250313e-16,,2.220446049250313e-16,2.220446049250313e-16,,,,,True,4134.67513489363,,,
Pulsar timing epoch 11/12 | t=300 days,nan,1.4,,,,,,,641929998885.44,641987887655.3337,,,,,,,PSR_B1937+21_synthetic,3.40596e+19,76.15664798113379,,z,3.40596e+19,r_emit_m,,,vis_viva_orbital,,2.220446049250313e-16,,2.220446049250313e-16,2.220446049250313e-16,,,,,True,4134.67513489363,,,
Pulsar timing epoch 12/12 | t=330 days,nan,1.4,,,,,,,641929998773.9839,641966607758.8452,,,,,,,PSR_B1937+21_synthetic,3.40596e+19,76.15664798113379,,z,3.40596e+19,r_emit_m,,,vis_viva_orbital,,2.220446049250313e-16,,2.220446049250313e-16,2.220446049250313e-16,,,,,True,4134.67513489363,,,
AGN state 1/8 | r=3.0 r_s,nan,46000000.0,,,,,,,1.5396220947781466e+18,1.263413242519739e+18,,,,,,,NGC_4151_synthetic,407560834725.2292,2.2830118285892795,,z,407560834725.2292,r_emit_m,,,vis_viva_orbital,,0.22474487139158894,,0.22474487139158894,0.22474487139158894,,,,,True,135853611575.0764,,,
AGN state 2/8 | r=9.7 r_s,nan,46000000.0,,,,,,,1.541556293389677e+18,1.4655529545480284e+18,,,,,,,NGC_4151_synthetic,1319720798157.8853,4.724733345526542,,z,1319720798157.8853,r_emit_m,,,vis_viva_orbital,,0.05581915987571273,,0.05581915987571273,0.05581915987571273,,,,,True,135853611575.0764,,,
AGN state 3/8 | r=16.4 r_s,nan,46000000.0,,,,,,,1.5434904920012076e+18,1.499526039504909e+18,,,,,,,NGC_4151_synthetic,2231880761590.541,5.816610967449203,,z,2231880761590.541,r_emit_m,,,vis_viva_orbital,,0.03189864561148381,,0.03189864561148381,0.03189864561148381,,,,,True,135853611575.0764,,,
AGN state 4/8 | r=23.1 r_s,nan,46000000.0,,,,,,,1.5454246906127378e+18,1.5135591434351e+18,,,,,,,NGC_4151_synthetic,3144040725023.197,6.528696974119324,,z,3144040725023.197,r_emit_m,,,vis_viva_orbital,,0.02233130164471664,,0.02233130164471664,0.02233130164471664,,,,,True,135853611575.0764,,,
AGN state 5/8 | r=29.9 r_s,nan,46000000.0,,,,,,,1.547358889224268e+18,1.5212254967126927e+18,,,,,,,NGC_4151_synthetic,4056200688455.853,7.058064507223638,,z,4056200688455.853,r_emit_m,,,vis_viva_orbital,,0.017179170719954673,,0.017179170719954673,0.017179170719954673,,,,,True,135853611575.0764,,,
AGN state 6/8 | r=36.6 r_s,nan,46000000.0,,,,,,,1.5492930878357985e+18,1.5260569639946465e+18,,,,,,,NGC_4151_synthetic,4968360651888.508,7.479590292650102,,z,4968360651888.508,r_emit_m,,,vis_viva_orbital,,0.013958800839164676,,0.013958800839164676,0.013958800839164676,,,,,True,135853611575.0764,,,
AGN state 7/8 | r=43.3 r_s,nan,46000000.0,,,,,,,1.5512272864473285e+18,1.5293806653150423e+18,,,,,,,NGC_4151_synthetic,5880520615321.164,7.829862983910191,,z,5880520615321.164,r_emit_m,,,vis_viva_orbital,,0.011755231589463344,,0.011755231589463344,0.011755231589463344,,,,,True,135853611575.0764,,,
AGN state 8/8 | r=50.0 r_s,nan,46000000.0,,,,,,,1.553161485058859e+18,1.5318071488996695e+18,,,,,,,NGC_4151_synthetic,6792680578753.82,8.129523843150775,,z,6792680578753.82,r_emit_m,,,vis_viva_orbital,,0.010152544552210596,,0.010152544552210596,0.010152544552210596,,,,,True,135853611575.0764,,,
Thermal spectrum point 1/30,nan,10.0,,,,,,,36254900888.82908,29602002617.60252,,,,,,,BH_thermal_synthetic,88600.18146200635,2.2830118285892795,,z,88600.18146200635,r_emit_m,,,vis_viva_orbital,,0.22474487139158894,,0.22474487139158894,0.22474487139158894,,,,,True,29533.393820668785,,,r_eff suspiciously small (8.860e+04 m)
Thermal spectrum point 2/30,nan,10.0,,,,,,,49807845558.46258,40667935601.86092,,,,,,,BH_thermal_synthetic,88600.18146200635,2.2830118285892795,,z,88600.18146200635,r_emit_m,,,vis_viva_orbital,,0.22474487139158894,,0.22474487139158894,0.22474487139158894,,,,,True,29533.393820668785,,,r_eff suspiciously small (8.860e+04 m)
Thermal spectrum point 3/30,nan,10.0,,,,,,,68427203449.89456,55870577659.284805,,,,,,,BH_thermal_synthetic,88600.18146200635,2.2830118285892795,,z,88600.18146200635,r_emit_m,,,vis_viva_orbital,,0.22474487139158894,,0.22474487139158894,0.22474487139158894,,,,,True,29533.393820668785,,,r_eff suspiciously small (8.860e+04 m)
Thermal spectrum point 4/30,nan,10.0,,,,,,,94006920385.21033,76756329078.06917,,,,,,,BH_thermal_synthetic,88600.18146200635,2.2830118285892795,,z,88600.18146200635,r_emit_m,,,vis_viva_orbital,,0.22474487139158894,,0.22474487139158894,0.22474487139158894,,,,,True,29533.393820668785,,,r_eff suspiciously small (8.860e+04 m)
Thermal spectrum point 5/30,nan,10.0,,,,,,,129148944202.90512,105449671372.0977,,,,,,,BH_thermal_synthetic,88600.18146200635,2.2830118285892795,,z,88600.18146200635,r_emit_m,,,vis_viva_orbital,,0.22474487139158894,,0.22474487139158894,0.22474487139158894,,,,,True,29533.393820668785,,,r_eff suspiciously small (8.860e+04 m)
Thermal spectrum point 6/30,nan,10.0,,,,,,,177427892759.1513,144869267799.0583,,,,,,,BH_thermal_synthetic,88600.18146200635,2.2830118285892795,,z,88600.18146200635,r_emit_m,,,vis_viva_orbital,,0.22474487139158894,,0.22474487139158894,0.22474487139158894,,,,,True,29533.393820668785,,,r_eff suspiciously small (8.860e+04 m)
Thermal spectrum point 7/30,nan,10.0,,,,,,,243754661125.9454,199024847394.5309,,,,,,,BH_thermal_synthetic,88600.18146200635,2.2830118285892795,,z,88600.18146200635,r_emit_m,,,vis_viva_orbital,,0.22474487139158894,,0.22474487139158894,0.22474487139158894,,,,,True,29533.393820668785,,,r_eff suspiciously small (8.860e+04 m)
Thermal spectrum point 8/30,nan,10.0,,,,,,,334875953812.2843,273425071322.64124,,,,,,,BH_thermal_synthetic,88600.18146200635,2.2830118285892795,,z,88600.18146200635,r_emit_m,,,vis_viva_orbital,,0.22474487139158894,,0.22474487139158894,0.22474487139158894,,,,,True,29533.393820668785,,,r_eff suspiciously small (8.860e+04 m)
Thermal spectrum point 9/30,nan,10.0,,,,,,,460060554016.4219,375637869374.1239,,,,,,,BH_thermal_synthetic,88600.18146200635,2.2830118285892795,,z,88600.18146200635,r_emit_m,,,vis_viva_orbital,,0.22474487139158894,,0.22474487139158894,0.22474487139158894,,,,,True,29533.393820668785,,,r_eff suspiciously small (8.860e+04 m)
Thermal spectrum point 10/30,nan,10.0,,,,,,,632042136654.9967,516060243581.0594,,,,,,,BH_thermal_synthetic,88600.18146200635,2.2830118285892795,,z,88600.18146200635,r_emit_m,,,vis_viva_orbital,,0.22474487139158894,,0.22474487139158894,0.22474487139158894,,,,,True,29533.393820668785,,,r_eff suspiciously small (8.860e+04 m)
Thermal spectrum point 11/30,nan,10.0,,,,,,,868314527337.5343,708975842740.9713,,,,,,,BH_thermal_synthetic,88600.18146200635,2.2830118285892795,,z,88600.18146200635,r_emit_m,,,vis_viva_orbital,,0.22474487139158894,,0.22474487139158894,0.22474487139158894,,,,,True,29533.393820668785,,,r_eff suspiciously small (8.860e+04 m)
Thermal spectrum point 12/30,nan,10.0,,,,,,,1192911159967.4358,974007883463.939,,,,,,,BH_thermal_synthetic,88600.18146200635,2.2830118285892795,,z,88600.18146200635,r_emit_m,,,vis_viva_orbital,,0.22474487139158894,,0.22474487139158894,0.22474487139158894,,,,,True,29533.393820668785,,,r_eff suspiciously small (8.860e+04 m)
Thermal spectrum point 13/30,nan,10.0,,,,,,,1638849737937.9666,1338115207680.6494,,,,,,,BH_thermal_synthetic,88600.18146200635,2.2830118285892795,,z,88600.18146200635,r_emit_m,,,vis_viva_orbital,,0.22474487139158894,,0.22474487139158894,0.22474487139158894,,,,,True,29533.393820668785,,,r_eff suspiciously small (8.860e+04 m)
Thermal spectrum point 14/30,nan,10.0,,,,,,,2251490767856.234,1838334513944.956,,,,,,,BH_thermal_synthetic,88600.18146200635,2.2830118285892795,,z,88600.18146200635,r_emit_m,,,vis_viva_orbital,,0.22474487139158894,,0.22474487139158894,0.22474487139158894,,,,,True,29533.393820668785,,,r_eff suspiciously small (8.860e+04 m)
Thermal spectrum point 15/30,nan,10.0,,,,,,,3093151593092.369,2525547700051.0684,,,,,,,BH_thermal_synthetic,88600.18146200635,2.2830118285892795,,z,88600.18146200635,r_emit_m,,,vis_viva_orbital,,0.22474487139158894,,0.22474487139158894,0.22474487139158894,,,,,True,29533.393820668785,,,r_eff suspiciously small (8.860e+04 m)
Thermal spectrum point 16/30,nan,10.0,,,,,,,4249445262864.514,3469657527968.3984,,,,,,,BH_thermal_synthetic,88600.18146200635,2.2830118285892795,,z,88600.18146200635,r_emit_m,,,vis_viva_orbital,,0.22474487139158894,,0.22474487139158894,0.22474487139158894,,,,,True,29533.393820668785,,,r_eff suspiciously small (8.860e+04 m)
Thermal spectrum point 17/30,nan,10.0,,,,,,,5837989021426.669,4766698075488.477,,,,,,,BH_thermal_synthetic,88600.18146200635,2.2830118285892795,,z,88600.18146200635,r_emit_m,,,vis_viva_orbital,,0.22474487139158894,,0.22474487139158894,0.22474487139158894,,,,,True,29533.393820668785,,,r_eff suspiciously small (8.860e+04 m)
Thermal spectrum point 18/30,nan,10.0,,,,,,,8020368237741.224,6548603243897.04,,,,,,,BH_thermal_synthetic,88600.18146200635,2.2830118285892795,,z,88600.18146200635,r_emit_m,,,vis_viva_orbital,,0.22474487139158894,,0.22474487139158894,0.22474487139158894,,,,,True,29533.393820668785,,,r_eff suspiciously small (8.860e+04 m)
Thermal spectrum point 19/30,nan,10.0,,,,,,,11018572736755.188,8996626966264.068,,,,,,,BH_thermal_synthetic,88600.18146200635,2.2830118285892795,,z,88600.18146200635,r_emit_m,,,vis_viva_orbital,,0.22474487139158894,,0.22474487139158894,0.22474487139158894,,,,,True,29533.393820668785,,,r_eff suspiciously small (8.860e+04 m)
Thermal spectrum point 20/30,nan,10.0,,,,,,,15137577422424.885,12359780208938.658,,,,,,,BH_thermal_synthetic,88600.18146200635,2.2830118285892795,,z,88600.18146200635,r_emit_m,,,vis_viva_orbital,,0.22474487139158894,,0.22474487139158894,0.22474487139158894,,,,,True,29533.393820668785,,,r_eff suspiciously small (8.860e+04 m)
Thermal spectrum point 21/30,nan,10.0,,,,,,,20796364074952.504,16980160162926.912,,,,,,,BH_thermal_synthetic,88600.18146200635,2.2830118285892795,,z,88600.18146200635,r_emit_m,,,vis_viva_orbital,,0.22474487139158894,,0.22474487139158894,0.22474487139158894,,,,,True,29533.393820668785,,,r_eff suspiciously small (8.860e+04 m)
Thermal spectrum point 22/30,nan,10.0,,,,,,,28570539834021.53,23327748089737.98,,,,,,,BH_thermal_synthetic,88600.18146200635,2.2830118285892795,,z,88600.18146200635,r_emit_m,,,vis_viva_orbital,,0.22474487139158894,,0.22474487139158894,0.22474487139158894,,,,,True,29533.393820668785,,,r_eff suspiciously small (8.860e+04 m)
Thermal spectrum point 23/30,nan,10.0,,,,,,,39250887485209.375,32048215430052.324,,,,,,,BH_thermal_synthetic,88600.18146200635,2.2830118285892795,,z,88600.18146200635,r_emit_m,,,vis_viva_orbital,,0.22474487139158894,,0.22474487139158894,0.22474487139158894,,,,,True,29533.393820668785,,,r_eff suspiciously small (8.860e+04 m)
Thermal spectrum point 24/30,nan,10.0,,,,,,,53923803236717.34,44028600973399.16,,,,,,,BH_thermal_synthetic,88600.18146200635,2.2830118285892795,,z,88600.18146200635,r_emit_m,,,vis_viva_orbital,,0.22474487139158894,,0.22474487139158894,0.22474487139158894,,,,,True,29533.393820668785,,,r_eff suspiciously small (8.860e+04 m)
Thermal spectrum point 25/30,nan,10.0,,,,,,,74081804051129.1,60487539716704.67,,,,,,,BH_thermal_synthetic,88600.18146200635,2.2830118285892795,,z,88600.18146200635,r_emit_m,,,vis_viva_orbital,,0.22474487139158894,,0.22474487139158894,0.22474487139158894,,,,,True,29533.393820668785,,,r_eff suspiciously small (8.860e+04 m)
Thermal spectrum point 26/30,nan,10.0,,,,,,,101775345247402.52,83099221417243.06,,,,,,,BH_thermal_synthetic,88600.18146200635,2.2830118285892795,,z,88600.18146200635,r_emit_m,,,vis_viva_orbital,,0.22474487139158894,,0.22474487139158894,0.22474487139158894,,,,,True,29533.393820668785,,,r_eff suspiciously small (8.860e+04 m)
Thermal spectrum point 27/30,nan,10.0,,,,,,,139821391135115.94,114163687802380.42,,,,,,,BH_thermal_synthetic,88600.18146200635,2.2830118285892795,,z,88600.18146200635,r_emit_m,,,vis_viva_orbital,,0.22474487139158894,,0.22474487139158894,0.22474487139158894,,,,,True,29533.393820668785,,,r_eff suspiciously small (8.860e+04 m)
Thermal spectrum point 28/30,nan,10.0,,,,,,,192089954314923.12,156840790928697.8,,,,,,,BH_thermal_synthetic,88600.18146200635,2.2830118285892795,,z,88600.18146200635,r_emit_m,,,vis_viva_orbital,,0.22474487139158894,,0.22474487139158894,0.22474487139158894,,,,,True,29533.393820668785,,,r_eff suspiciously small (8.860e+04 m)
Thermal spectrum point 29/30,nan,10.0,,,,,,,263897750187969.84,215471610742996.56,,,,,,,BH_thermal_synthetic,88600.18146200635,2.2830118285892795,,z,88600.18146200635,r_emit_m,,,vis_viva_orbital,,0.22474487139158894,,0.22474487139158894,0.22474487139158894,,,,,True,29533.393820668785,,,r_eff suspiciously small (8.860e+04 m)
Thermal spectrum point 30/30,nan,10.0,,,,,,,362549008888290.8,296020026176025.1,,,,,,,BH_thermal_synthetic,88600.18146200635,2.2830118285892795,,z,88600.18146200635,r_emit_m,,,vis_viva_orbital,,0.22474487139158894,,0.22474487139158894,0.22474487139158894,,,,,True,29533.393820668785,,,r_eff suspiciously small (8.860e+04 m)
